,nflId,frechet_distance,play_id,game_id,week_num,displayName,position,gameId,playId,passResult,expectedPointsAdded,defensiveTeam
0,43327.0,7.795991926777863,56,2022101604,6,Xavien Howard,CB,2022101604,56,C,0.438594146,MIA
1,48476.0,6.4342502951213385,56,2022101604,6,Nik Needham,CB,2022101604,56,C,0.438594146,MIA
2,52478.0,5.698830242460526,56,2022101604,6,Brandon Jones,SS,2022101604,56,C,0.438594146,MIA
3,53465.0,4.655953109375907,56,2022101604,6,Jevon Holland,FS,2022101604,56,C,0.438594146,MIA
4,37078.0,1.2034721952251426,157,2022101604,6,Patrick Peterson,CB,2022101604,157,C,0.44084102,MIN
5,38559.0,2.567382127132341,157,2022101604,6,Harrison Smith,SS,2022101604,157,C,0.44084102,MIN
6,52497.0,3.2943640763067146,157,2022101604,6,Cameron Dantzler,CB,2022101604,157,C,0.44084102,MIN
7,53554.0,1.55005835353905,157,2022101604,6,Camryn Bynum,FS,2022101604,157,C,0.44084102,MIN
8,37078.0,11.369200565962956,181,2022101604,6,Patrick Peterson,CB,2022101604,181,C,0.019029582,MIN
9,38559.0,8.157815014018095,181,2022101604,6,Harrison Smith,SS,2022101604,181,C,0.019029582,MIN
10,52497.0,4.563160516124907,181,2022101604,6,Cameron Dantzler,CB,2022101604,181,C,0.019029582,MIN
11,53554.0,6.054398622335344,181,2022101604,6,Camryn Bynum,FS,2022101604,181,C,0.019029582,MIN
12,37078.0,8.14513284596914,295,2022101604,6,Patrick Peterson,CB,2022101604,295,C,1.674468698,MIN
13,38559.0,7.154582164644002,295,2022101604,6,Harrison Smith,SS,2022101604,295,C,1.674468698,MIN
14,46652.0,1.253402890678906,295,2022101604,6,Chandon Sullivan,CB,2022101604,295,C,1.674468698,MIN
15,52497.0,11.60607970457837,295,2022101604,6,Cameron Dantzler,CB,2022101604,295,C,1.674468698,MIN
16,53554.0,1.3862738667590093,295,2022101604,6,Camryn Bynum,FS,2022101604,295,C,1.674468698,MIN
17,37078.0,13.320864273671653,494,2022101604,6,Patrick Peterson,CB,2022101604,494,C,2.087368672,MIN
18,38559.0,6.4551644402064134,494,2022101604,6,Harrison Smith,SS,2022101604,494,C,2.087368672,MIN
19,52497.0,10.169092795729089,494,2022101604,6,Cameron Dantzler,CB,2022101604,494,C,2.087368672,MIN
20,53554.0,5.020395549235805,494,2022101604,6,Camryn Bynum,FS,2022101604,494,C,2.087368672,MIN
21,37078.0,2.683030082545177,549,2022101604,6,Patrick Peterson,CB,2022101604,549,C,0.693780008,MIN
22,38559.0,1.1703073088351632,549,2022101604,6,Harrison Smith,SS,2022101604,549,C,0.693780008,MIN
23,46652.0,3.2650628547462657,549,2022101604,6,Chandon Sullivan,CB,2022101604,549,C,0.693780008,MIN
24,52497.0,1.609520243881938,549,2022101604,6,Cameron Dantzler,CB,2022101604,549,C,0.693780008,MIN
25,53554.0,2.63755741563282,549,2022101604,6,Camryn Bynum,FS,2022101604,549,C,0.693780008,MIN
26,37078.0,4.324884499740621,619,2022101604,6,Patrick Peterson,CB,2022101604,619,C,-0.187152664,MIN
27,38559.0,6.888366678127436,619,2022101604,6,Harrison Smith,SS,2022101604,619,C,-0.187152664,MIN
28,46652.0,3.3613036552095594,619,2022101604,6,Chandon Sullivan,CB,2022101604,619,C,-0.187152664,MIN
29,52497.0,3.3757581712770537,619,2022101604,6,Cameron Dantzler,CB,2022101604,619,C,-0.187152664,MIN
30,53554.0,3.234790702712482,619,2022101604,6,Camryn Bynum,FS,2022101604,619,C,-0.187152664,MIN
31,37078.0,9.835386001637854,664,2022101604,6,Patrick Peterson,CB,2022101604,664,C,-0.938639065,MIN
32,38559.0,15.605823725532069,664,2022101604,6,Harrison Smith,SS,2022101604,664,C,-0.938639065,MIN
33,46652.0,19.199110004048045,664,2022101604,6,Chandon Sullivan,CB,2022101604,664,C,-0.938639065,MIN
34,52497.0,3.890647006920717,664,2022101604,6,Cameron Dantzler,CB,2022101604,664,C,-0.938639065,MIN
35,53554.0,16.1001173806201,664,2022101604,6,Camryn Bynum,FS,2022101604,664,C,-0.938639065,MIN
36,37078.0,9.481400426133517,699,2022101604,6,Patrick Peterson,CB,2022101604,699,C,0.966539473,MIN
37,38559.0,3.928843038884085,699,2022101604,6,Harrison Smith,SS,2022101604,699,C,0.966539473,MIN
38,46652.0,4.0007300668482495,699,2022101604,6,Chandon Sullivan,CB,2022101604,699,C,0.966539473,MIN
39,52497.0,7.905770579017348,699,2022101604,6,Cameron Dantzler,CB,2022101604,699,C,0.966539473,MIN
40,53554.0,4.664800030391175,699,2022101604,6,Camryn Bynum,FS,2022101604,699,C,0.966539473,MIN
41,37078.0,6.773644595308763,723,2022101604,6,Patrick Peterson,CB,2022101604,723,C,-0.811479014,MIN
42,38559.0,7.328013427382457,723,2022101604,6,Harrison Smith,SS,2022101604,723,C,-0.811479014,MIN
43,52497.0,4.957840813968852,723,2022101604,6,Cameron Dantzler,CB,2022101604,723,C,-0.811479014,MIN
44,53554.0,3.6304066225171474,723,2022101604,6,Camryn Bynum,FS,2022101604,723,C,-0.811479014,MIN
45,37078.0,10.202838592742705,785,2022101604,6,Patrick Peterson,CB,2022101604,785,C,-0.869048558,MIN
46,38559.0,9.841647952685861,785,2022101604,6,Harrison Smith,SS,2022101604,785,C,-0.869048558,MIN
47,46652.0,4.916073541601171,785,2022101604,6,Chandon Sullivan,CB,2022101604,785,C,-0.869048558,MIN
48,52497.0,7.170285466697171,785,2022101604,6,Cameron Dantzler,CB,2022101604,785,C,-0.869048558,MIN
49,53554.0,9.851753545465144,785,2022101604,6,Camryn Bynum,FS,2022101604,785,C,-0.869048558,MIN
50,43327.0,3.3930874423705517,886,2022101604,6,Xavien Howard,CB,2022101604,886,C,-0.663071956,MIA
51,48476.0,7.517825373049169,886,2022101604,6,Nik Needham,CB,2022101604,886,C,-0.663071956,MIA
52,52478.0,1.4879826275099541,886,2022101604,6,Brandon Jones,SS,2022101604,886,C,-0.663071956,MIA
53,53465.0,2.4048760812696313,886,2022101604,6,Jevon Holland,FS,2022101604,886,C,-0.663071956,MIA
54,43327.0,13.173563467084197,1110,2022101604,6,Xavien Howard,CB,2022101604,1110,C,-0.842036376,MIA
55,48476.0,6.702579114644735,1110,2022101604,6,Nik Needham,CB,2022101604,1110,C,-0.842036376,MIA
56,52438.0,6.255777949784676,1110,2022101604,6,Noah Igbinoghene,CB,2022101604,1110,C,-0.842036376,MIA
57,52478.0,11.651499377026761,1110,2022101604,6,Brandon Jones,SS,2022101604,1110,C,-0.842036376,MIA
58,53465.0,8.198388846632938,1110,2022101604,6,Jevon Holland,FS,2022101604,1110,C,-0.842036376,MIA
59,37078.0,6.762121313004969,1177,2022101604,6,Patrick Peterson,CB,2022101604,1177,C,1.816825961,MIN
60,38559.0,3.577757856659753,1177,2022101604,6,Harrison Smith,SS,2022101604,1177,C,1.816825961,MIN
61,46652.0,4.819865833781236,1177,2022101604,6,Chandon Sullivan,CB,2022101604,1177,C,1.816825961,MIN
62,52497.0,3.619730281051719,1177,2022101604,6,Cameron Dantzler,CB,2022101604,1177,C,1.816825961,MIN
63,53554.0,1.3584415666335639,1177,2022101604,6,Camryn Bynum,FS,2022101604,1177,C,1.816825961,MIN
64,43327.0,3.341717832141515,1361,2022101604,6,Xavien Howard,CB,2022101604,1361,C,0.729012385,MIA
65,48476.0,5.224302291943232,1361,2022101604,6,Nik Needham,CB,2022101604,1361,C,0.729012385,MIA
66,52478.0,6.2535833343076135,1361,2022101604,6,Brandon Jones,SS,2022101604,1361,C,0.729012385,MIA
67,53465.0,6.330161645453461,1361,2022101604,6,Jevon Holland,FS,2022101604,1361,C,0.729012385,MIA
68,43327.0,6.64581748158513,1399,2022101604,6,Xavien Howard,CB,2022101604,1399,C,0.741371733,MIA
69,46312.0,8.977394345867634,1399,2022101604,6,Keion Crossen,CB,2022101604,1399,C,0.741371733,MIA
70,52478.0,7.573039393670461,1399,2022101604,6,Brandon Jones,SS,2022101604,1399,C,0.741371733,MIA
71,53465.0,10.59456257819703,1399,2022101604,6,Jevon Holland,FS,2022101604,1399,C,0.741371733,MIA
72,43327.0,6.5214015629099995,1428,2022101604,6,Xavien Howard,CB,2022101604,1428,C,1.244581654,MIA
73,46312.0,1.712072561612858,1428,2022101604,6,Keion Crossen,CB,2022101604,1428,C,1.244581654,MIA
74,52478.0,4.524737997375934,1428,2022101604,6,Brandon Jones,SS,2022101604,1428,C,1.244581654,MIA
75,53465.0,3.8337875704064426,1428,2022101604,6,Jevon Holland,FS,2022101604,1428,C,1.244581654,MIA
76,43327.0,17.02194969770015,1478,2022101604,6,Xavien Howard,CB,2022101604,1478,C,-0.351480816,MIA
77,46312.0,15.2206955401673,1478,2022101604,6,Keion Crossen,CB,2022101604,1478,C,-0.351480816,MIA
78,52478.0,8.24160224153225,1478,2022101604,6,Brandon Jones,SS,2022101604,1478,C,-0.351480816,MIA
79,53465.0,9.824137362050255,1478,2022101604,6,Jevon Holland,FS,2022101604,1478,C,-0.351480816,MIA
80,38707.0,17.217871965013437,1509,2022101604,6,Justin Bethel,FS,2022101604,1509,C,3.44639162,MIA
81,42390.0,18.124180010450473,1509,2022101604,6,Eric Rowe,SS,2022101604,1509,C,3.44639162,MIA
82,43327.0,7.763168860261518,1509,2022101604,6,Xavien Howard,CB,2022101604,1509,C,3.44639162,MIA
83,46312.0,13.476267045953032,1509,2022101604,6,Keion Crossen,CB,2022101604,1509,C,3.44639162,MIA
84,52478.0,9.999512901337248,1509,2022101604,6,Brandon Jones,SS,2022101604,1509,C,3.44639162,MIA
85,53465.0,27.658061573442605,1509,2022101604,6,Jevon Holland,FS,2022101604,1509,C,3.44639162,MIA
86,37078.0,19.626160750606626,1681,2022101604,6,Patrick Peterson,CB,2022101604,1681,C,2.063408044,MIN
87,38559.0,15.142655102840875,1681,2022101604,6,Harrison Smith,SS,2022101604,1681,C,2.063408044,MIN
88,46652.0,8.094153816306944,1681,2022101604,6,Chandon Sullivan,CB,2022101604,1681,C,2.063408044,MIN
89,52497.0,27.31335377397695,1681,2022101604,6,Cameron Dantzler,CB,2022101604,1681,C,2.063408044,MIN
90,53554.0,10.046901043532664,1681,2022101604,6,Camryn Bynum,FS,2022101604,1681,C,2.063408044,MIN
91,38707.0,8.232379582812868,1828,2022101604,6,Justin Bethel,FS,2022101604,1828,C,0.421913502,MIA
92,42390.0,6.5075340610201735,1828,2022101604,6,Eric Rowe,SS,2022101604,1828,C,0.421913502,MIA
93,43327.0,3.566067172842135,1828,2022101604,6,Xavien Howard,CB,2022101604,1828,C,0.421913502,MIA
94,46312.0,9.702681975384017,1828,2022101604,6,Keion Crossen,CB,2022101604,1828,C,0.421913502,MIA
95,52478.0,6.339359218288633,1828,2022101604,6,Brandon Jones,SS,2022101604,1828,C,0.421913502,MIA
96,53465.0,3.4728716125014194,1828,2022101604,6,Jevon Holland,FS,2022101604,1828,C,0.421913502,MIA
97,37078.0,4.219743753734282,1893,2022101604,6,Patrick Peterson,CB,2022101604,1893,C,0.223171633,MIN
98,38559.0,4.932517400266122,1893,2022101604,6,Harrison Smith,SS,2022101604,1893,C,0.223171633,MIN
99,46652.0,12.170804391903669,1893,2022101604,6,Chandon Sullivan,CB,2022101604,1893,C,0.223171633,MIN
100,52497.0,3.351114004051374,1893,2022101604,6,Cameron Dantzler,CB,2022101604,1893,C,0.223171633,MIN
101,53554.0,2.366444637403631,1893,2022101604,6,Camryn Bynum,FS,2022101604,1893,C,0.223171633,MIN
102,37078.0,5.1954114626825385,2121,2022101604,6,Patrick Peterson,CB,2022101604,2121,C,-0.574069343,MIN
103,38559.0,6.427576148879541,2121,2022101604,6,Harrison Smith,SS,2022101604,2121,C,-0.574069343,MIN
104,52497.0,10.813736726859187,2121,2022101604,6,Cameron Dantzler,CB,2022101604,2121,C,-0.574069343,MIN
105,53554.0,9.641819106079646,2121,2022101604,6,Camryn Bynum,FS,2022101604,2121,C,-0.574069343,MIN
106,37078.0,4.072947909643129,2145,2022101604,6,Patrick Peterson,CB,2022101604,2145,C,0.744685818,MIN
107,38559.0,13.560229800287225,2145,2022101604,6,Harrison Smith,SS,2022101604,2145,C,0.744685818,MIN
108,52497.0,5.249854275436714,2145,2022101604,6,Cameron Dantzler,CB,2022101604,2145,C,0.744685818,MIN
109,53554.0,6.301525245482656,2145,2022101604,6,Camryn Bynum,FS,2022101604,2145,C,0.744685818,MIN
110,43327.0,6.593172875784974,2230,2022101604,6,Xavien Howard,CB,2022101604,2230,C,-1.451121808,MIA
111,52438.0,12.724551999398816,2230,2022101604,6,Noah Igbinoghene,CB,2022101604,2230,C,-1.451121808,MIA
112,52478.0,9.924105698993943,2230,2022101604,6,Brandon Jones,SS,2022101604,2230,C,-1.451121808,MIA
113,53465.0,8.778396014214573,2230,2022101604,6,Jevon Holland,FS,2022101604,2230,C,-1.451121808,MIA
114,37078.0,4.807341705427971,2360,2022101604,6,Patrick Peterson,CB,2022101604,2360,C,-0.877229154,MIN
115,38559.0,11.774935190349467,2360,2022101604,6,Harrison Smith,SS,2022101604,2360,C,-0.877229154,MIN
116,46652.0,7.366823560596019,2360,2022101604,6,Chandon Sullivan,CB,2022101604,2360,C,-0.877229154,MIN
117,52497.0,6.702278868176562,2360,2022101604,6,Cameron Dantzler,CB,2022101604,2360,C,-0.877229154,MIN
118,53554.0,7.803115994030103,2360,2022101604,6,Camryn Bynum,FS,2022101604,2360,C,-0.877229154,MIN
119,38707.0,14.626300569593536,2465,2022101604,6,Justin Bethel,FS,2022101604,2465,C,-1.697883751,MIA
120,42390.0,7.478287333468428,2465,2022101604,6,Eric Rowe,SS,2022101604,2465,C,-1.697883751,MIA
121,43327.0,8.193787547455011,2465,2022101604,6,Xavien Howard,CB,2022101604,2465,C,-1.697883751,MIA
122,52438.0,5.834555284918049,2465,2022101604,6,Noah Igbinoghene,CB,2022101604,2465,C,-1.697883751,MIA
123,52478.0,3.7719840333957415,2465,2022101604,6,Brandon Jones,SS,2022101604,2465,C,-1.697883751,MIA
124,53465.0,10.709427153010207,2465,2022101604,6,Jevon Holland,FS,2022101604,2465,C,-1.697883751,MIA
125,43327.0,5.035076944325379,2636,2022101604,6,Xavien Howard,CB,2022101604,2636,C,-0.975971546,MIA
126,52438.0,9.072004891786069,2636,2022101604,6,Noah Igbinoghene,CB,2022101604,2636,C,-0.975971546,MIA
127,52478.0,3.025019091451132,2636,2022101604,6,Brandon Jones,SS,2022101604,2636,C,-0.975971546,MIA
128,53465.0,1.116789941610101,2636,2022101604,6,Jevon Holland,FS,2022101604,2636,C,-0.975971546,MIA
129,37078.0,2.6785707724999397,2714,2022101604,6,Patrick Peterson,CB,2022101604,2714,C,1.285640288,MIN
130,38559.0,3.144450952951833,2714,2022101604,6,Harrison Smith,SS,2022101604,2714,C,1.285640288,MIN
131,52497.0,3.3043920251678003,2714,2022101604,6,Cameron Dantzler,CB,2022101604,2714,C,1.285640288,MIN
132,53554.0,3.9479468686795016,2714,2022101604,6,Camryn Bynum,FS,2022101604,2714,C,1.285640288,MIN
133,37078.0,15.842521194281428,2762,2022101604,6,Patrick Peterson,CB,2022101604,2762,C,0.660042067,MIN
134,38559.0,15.86033544149164,2762,2022101604,6,Harrison Smith,SS,2022101604,2762,C,0.660042067,MIN
135,46652.0,7.497726174280763,2762,2022101604,6,Chandon Sullivan,CB,2022101604,2762,C,0.660042067,MIN
136,52497.0,8.943160306303534,2762,2022101604,6,Cameron Dantzler,CB,2022101604,2762,C,0.660042067,MIN
137,53554.0,15.85491225735645,2762,2022101604,6,Camryn Bynum,FS,2022101604,2762,C,0.660042067,MIN
138,43327.0,5.244233894868375,2861,2022101604,6,Xavien Howard,CB,2022101604,2861,C,0.350230032,MIA
139,52438.0,5.952541336571377,2861,2022101604,6,Noah Igbinoghene,CB,2022101604,2861,C,0.350230032,MIA
140,52478.0,4.782011561119141,2861,2022101604,6,Brandon Jones,SS,2022101604,2861,C,0.350230032,MIA
141,53465.0,1.2100647520502594,2861,2022101604,6,Jevon Holland,FS,2022101604,2861,C,0.350230032,MIA
142,43327.0,2.731233334633231,2943,2022101604,6,Xavien Howard,CB,2022101604,2943,C,0.475960001,MIA
143,52438.0,7.444655693186164,2943,2022101604,6,Noah Igbinoghene,CB,2022101604,2943,C,0.475960001,MIA
144,52478.0,6.864354288162086,2943,2022101604,6,Brandon Jones,SS,2022101604,2943,C,0.475960001,MIA
145,53465.0,8.57267893499924,2943,2022101604,6,Jevon Holland,FS,2022101604,2943,C,0.475960001,MIA
146,43327.0,31.190071766415237,2967,2022101604,6,Xavien Howard,CB,2022101604,2967,C,3.012336494,MIA
147,52438.0,17.635909239293213,2967,2022101604,6,Noah Igbinoghene,CB,2022101604,2967,C,3.012336494,MIA
148,52478.0,30.077383580783245,2967,2022101604,6,Brandon Jones,SS,2022101604,2967,C,3.012336494,MIA
149,53465.0,25.875117865021767,2967,2022101604,6,Jevon Holland,FS,2022101604,2967,C,3.012336494,MIA
150,43327.0,8.365979301869272,3015,2022101604,6,Xavien Howard,CB,2022101604,3015,C,0.382089429,MIA
151,52438.0,5.512491798491283,3015,2022101604,6,Noah Igbinoghene,CB,2022101604,3015,C,0.382089429,MIA
152,52478.0,9.704168305063941,3015,2022101604,6,Brandon Jones,SS,2022101604,3015,C,0.382089429,MIA
153,53465.0,12.034122675244578,3015,2022101604,6,Jevon Holland,FS,2022101604,3015,C,0.382089429,MIA
154,37078.0,5.749408985996784,3105,2022101604,6,Patrick Peterson,CB,2022101604,3105,C,0.729858917,MIN
155,38559.0,3.3658290824451313,3105,2022101604,6,Harrison Smith,SS,2022101604,3105,C,0.729858917,MIN
156,46652.0,4.142678245388711,3105,2022101604,6,Chandon Sullivan,CB,2022101604,3105,C,0.729858917,MIN
157,52497.0,9.496653182754226,3105,2022101604,6,Cameron Dantzler,CB,2022101604,3105,C,0.729858917,MIN
158,53554.0,2.921095810044239,3105,2022101604,6,Camryn Bynum,FS,2022101604,3105,C,0.729858917,MIN
159,37078.0,6.935259197318273,3150,2022101604,6,Patrick Peterson,CB,2022101604,3150,C,2.254947767,MIN
160,38559.0,5.808062039079744,3150,2022101604,6,Harrison Smith,SS,2022101604,3150,C,2.254947767,MIN
161,46652.0,8.272288469342342,3150,2022101604,6,Chandon Sullivan,CB,2022101604,3150,C,2.254947767,MIN
162,52497.0,11.613927563163946,3150,2022101604,6,Cameron Dantzler,CB,2022101604,3150,C,2.254947767,MIN
163,53554.0,7.776596133512259,3150,2022101604,6,Camryn Bynum,FS,2022101604,3150,C,2.254947767,MIN
164,37078.0,2.2700671446623537,3174,2022101604,6,Patrick Peterson,CB,2022101604,3174,C,0.819649287,MIN
165,38559.0,4.441041686539869,3174,2022101604,6,Harrison Smith,SS,2022101604,3174,C,0.819649287,MIN
166,46652.0,7.7420579384057415,3174,2022101604,6,Chandon Sullivan,CB,2022101604,3174,C,0.819649287,MIN
167,52497.0,4.475041034532521,3174,2022101604,6,Cameron Dantzler,CB,2022101604,3174,C,0.819649287,MIN
168,53554.0,3.674644256554867,3174,2022101604,6,Camryn Bynum,FS,2022101604,3174,C,0.819649287,MIN
169,43327.0,11.828965921011301,3296,2022101604,6,Xavien Howard,CB,2022101604,3296,C,-0.437525439,MIA
170,52438.0,11.60865408570531,3296,2022101604,6,Noah Igbinoghene,CB,2022101604,3296,C,-0.437525439,MIA
171,52478.0,6.067409549822374,3296,2022101604,6,Brandon Jones,SS,2022101604,3296,C,-0.437525439,MIA
172,53465.0,4.29985688962589,3296,2022101604,6,Jevon Holland,FS,2022101604,3296,C,-0.437525439,MIA
173,43327.0,6.334149795618333,3320,2022101604,6,Xavien Howard,CB,2022101604,3320,C,0.660120123,MIA
174,52438.0,0.7454619609185479,3320,2022101604,6,Noah Igbinoghene,CB,2022101604,3320,C,0.660120123,MIA
175,52478.0,2.1416926388107846,3320,2022101604,6,Brandon Jones,SS,2022101604,3320,C,0.660120123,MIA
176,53465.0,0.6172323534758783,3320,2022101604,6,Jevon Holland,FS,2022101604,3320,C,0.660120123,MIA
177,37078.0,8.589372950418923,3413,2022101604,6,Patrick Peterson,CB,2022101604,3413,C,1.57655105,MIN
178,38559.0,2.0096878038259285,3413,2022101604,6,Harrison Smith,SS,2022101604,3413,C,1.57655105,MIN
179,46652.0,3.5053916180388813,3413,2022101604,6,Chandon Sullivan,CB,2022101604,3413,C,1.57655105,MIN
180,52497.0,6.370854739041154,3413,2022101604,6,Cameron Dantzler,CB,2022101604,3413,C,1.57655105,MIN
181,53554.0,5.489424204339505,3413,2022101604,6,Camryn Bynum,FS,2022101604,3413,C,1.57655105,MIN
182,37078.0,5.384834550016746,3478,2022101604,6,Patrick Peterson,CB,2022101604,3478,C,0.171778058,MIN
183,38559.0,3.0505202764050914,3478,2022101604,6,Harrison Smith,SS,2022101604,3478,C,0.171778058,MIN
184,46652.0,1.3259866357458447,3478,2022101604,6,Chandon Sullivan,CB,2022101604,3478,C,0.171778058,MIN
185,52497.0,3.7263738866078366,3478,2022101604,6,Cameron Dantzler,CB,2022101604,3478,C,0.171778058,MIN
186,53554.0,3.921640905945846,3478,2022101604,6,Camryn Bynum,FS,2022101604,3478,C,0.171778058,MIN
187,37078.0,11.474880916065882,3502,2022101604,6,Patrick Peterson,CB,2022101604,3502,C,3.738036647,MIN
188,38559.0,8.872193460946619,3502,2022101604,6,Harrison Smith,SS,2022101604,3502,C,3.738036647,MIN
189,46652.0,7.820453778482076,3502,2022101604,6,Chandon Sullivan,CB,2022101604,3502,C,3.738036647,MIN
190,52497.0,15.796774349557321,3502,2022101604,6,Cameron Dantzler,CB,2022101604,3502,C,3.738036647,MIN
191,53554.0,10.722287381297303,3502,2022101604,6,Camryn Bynum,FS,2022101604,3502,C,3.738036647,MIN
192,37078.0,2.909847700463818,3565,2022101604,6,Patrick Peterson,CB,2022101604,3565,C,-0.146729186,MIN
193,38559.0,4.717075957506608,3565,2022101604,6,Harrison Smith,SS,2022101604,3565,C,-0.146729186,MIN
194,46652.0,3.317751331270044,3565,2022101604,6,Chandon Sullivan,CB,2022101604,3565,C,-0.146729186,MIN
195,52497.0,8.570684853522337,3565,2022101604,6,Cameron Dantzler,CB,2022101604,3565,C,-0.146729186,MIN
196,53554.0,4.311452224713523,3565,2022101604,6,Camryn Bynum,FS,2022101604,3565,C,-0.146729186,MIN
197,37078.0,1.5480612814989358,3589,2022101604,6,Patrick Peterson,CB,2022101604,3589,C,-3.833597646,MIN
198,38559.0,3.8031802256323983,3589,2022101604,6,Harrison Smith,SS,2022101604,3589,C,-3.833597646,MIN
199,46652.0,10.76717770367925,3589,2022101604,6,Chandon Sullivan,CB,2022101604,3589,C,-3.833597646,MIN
200,52497.0,9.830581930443326,3589,2022101604,6,Cameron Dantzler,CB,2022101604,3589,C,-3.833597646,MIN
201,53554.0,10.403691104142155,3589,2022101604,6,Camryn Bynum,FS,2022101604,3589,C,-3.833597646,MIN
202,37078.0,4.2707963984969055,3701,2022101604,6,Patrick Peterson,CB,2022101604,3701,C,0.445873339,MIN
203,38559.0,6.093619859440427,3701,2022101604,6,Harrison Smith,SS,2022101604,3701,C,0.445873339,MIN
204,46652.0,0.866126087987475,3701,2022101604,6,Chandon Sullivan,CB,2022101604,3701,C,0.445873339,MIN
205,52497.0,3.254705978067603,3701,2022101604,6,Cameron Dantzler,CB,2022101604,3701,C,0.445873339,MIN
206,53554.0,1.7926021788840334,3701,2022101604,6,Camryn Bynum,FS,2022101604,3701,C,0.445873339,MIN
207,37078.0,39.154063600589986,3860,2022101604,6,Patrick Peterson,CB,2022101604,3860,C,2.583628212,MIN
208,38559.0,45.64990067413328,3860,2022101604,6,Harrison Smith,SS,2022101604,3860,C,2.583628212,MIN
209,46652.0,28.091866687522515,3860,2022101604,6,Chandon Sullivan,CB,2022101604,3860,C,2.583628212,MIN
210,52497.0,34.19363988443987,3860,2022101604,6,Cameron Dantzler,CB,2022101604,3860,C,2.583628212,MIN
211,53554.0,43.3362321524016,3860,2022101604,6,Camryn Bynum,FS,2022101604,3860,C,2.583628212,MIN
212,37078.0,14.222635581191755,3884,2022101604,6,Patrick Peterson,CB,2022101604,3884,C,0.853212481,MIN
213,38559.0,16.315419309435885,3884,2022101604,6,Harrison Smith,SS,2022101604,3884,C,0.853212481,MIN
214,46652.0,25.42095591774619,3884,2022101604,6,Chandon Sullivan,CB,2022101604,3884,C,0.853212481,MIN
215,52497.0,24.90276933982857,3884,2022101604,6,Cameron Dantzler,CB,2022101604,3884,C,0.853212481,MIN
216,53554.0,27.43211823543295,3884,2022101604,6,Camryn Bynum,FS,2022101604,3884,C,0.853212481,MIN
217,37078.0,4.374117821290652,3911,2022101604,6,Patrick Peterson,CB,2022101604,3911,C,0.775260188,MIN
218,38559.0,10.988618114856257,3911,2022101604,6,Harrison Smith,SS,2022101604,3911,C,0.775260188,MIN
219,46652.0,14.302343395620758,3911,2022101604,6,Chandon Sullivan,CB,2022101604,3911,C,0.775260188,MIN
220,52497.0,8.251968454987086,3911,2022101604,6,Cameron Dantzler,CB,2022101604,3911,C,0.775260188,MIN
221,53554.0,10.355211829121497,3911,2022101604,6,Camryn Bynum,FS,2022101604,3911,C,0.775260188,MIN
222,37078.0,9.267036997837488,4009,2022101604,6,Patrick Peterson,CB,2022101604,4009,C,0.673962243,MIN
223,38559.0,5.608864830168879,4009,2022101604,6,Harrison Smith,SS,2022101604,4009,C,0.673962243,MIN
224,46652.0,19.937919544151978,4009,2022101604,6,Chandon Sullivan,CB,2022101604,4009,C,0.673962243,MIN
225,52497.0,4.925814024379713,4009,2022101604,6,Cameron Dantzler,CB,2022101604,4009,C,0.673962243,MIN
226,53554.0,7.172138405801226,4009,2022101604,6,Camryn Bynum,FS,2022101604,4009,C,0.673962243,MIN
0,43299.0,2.733566112786597,274,2022101605,6,Eli Apple,CB,2022101605,274,C,0.567084786,CIN
1,43350.0,17.20929091627381,274,2022101605,6,Vonn Bell,SS,2022101605,274,C,0.567084786,CIN
2,44872.0,1.803527751392761,274,2022101605,6,Chidobe Awuzie,CB,2022101605,274,C,0.567084786,CIN
3,46123.0,4.567615925649193,274,2022101605,6,Jessie Bates,FS,2022101605,274,C,0.567084786,CIN
4,43299.0,9.246381537031379,302,2022101605,6,Eli Apple,CB,2022101605,302,C,2.044727348,CIN
5,43350.0,7.891990383955036,302,2022101605,6,Vonn Bell,SS,2022101605,302,C,2.044727348,CIN
6,43641.0,3.760152621779555,302,2022101605,6,Mike Hilton,CB,2022101605,302,C,2.044727348,CIN
7,44872.0,5.661717670983715,302,2022101605,6,Chidobe Awuzie,CB,2022101605,302,C,2.044727348,CIN
8,46123.0,2.9405927675268675,302,2022101605,6,Jessie Bates,FS,2022101605,302,C,2.044727348,CIN
9,37724.0,3.305183397444725,373,2022101605,6,Chris Harris,CB,2022101605,373,C,0.892451852,NO
10,40017.0,2.5532830262743382,373,2022101605,6,Tyrann Mathieu,FS,2022101605,373,C,0.892451852,NO
11,41257.0,3.1903446217221063,373,2022101605,6,Bradley Roby,CB,2022101605,373,C,0.892451852,NO
12,44851.0,4.110276338406251,373,2022101605,6,Marcus Maye,FS,2022101605,373,C,0.892451852,NO
13,53505.0,11.149641096279371,373,2022101605,6,Paulson Adebo,CB,2022101605,373,C,0.892451852,NO
14,37724.0,12.841173775949294,422,2022101605,6,Chris Harris,CB,2022101605,422,C,0.658188488,NO
15,40017.0,3.908266387610937,422,2022101605,6,Tyrann Mathieu,FS,2022101605,422,C,0.658188488,NO
16,41257.0,13.1630201940042,422,2022101605,6,Bradley Roby,CB,2022101605,422,C,0.658188488,NO
17,44851.0,1.4300805984904068,422,2022101605,6,Marcus Maye,FS,2022101605,422,C,0.658188488,NO
18,53505.0,8.596132225195994,422,2022101605,6,Paulson Adebo,CB,2022101605,422,C,0.658188488,NO
19,37724.0,6.846131669205154,633,2022101605,6,Chris Harris,CB,2022101605,633,C,0.039985153,NO
20,40017.0,4.105317841012295,633,2022101605,6,Tyrann Mathieu,FS,2022101605,633,C,0.039985153,NO
21,41257.0,4.048035134055777,633,2022101605,6,Bradley Roby,CB,2022101605,633,C,0.039985153,NO
22,44851.0,6.086057790822741,633,2022101605,6,Marcus Maye,FS,2022101605,633,C,0.039985153,NO
23,53505.0,16.567140453818674,633,2022101605,6,Paulson Adebo,CB,2022101605,633,C,0.039985153,NO
24,37724.0,4.521572381229898,657,2022101605,6,Chris Harris,CB,2022101605,657,C,0.701930353,NO
25,40017.0,7.272266878709959,657,2022101605,6,Tyrann Mathieu,FS,2022101605,657,C,0.701930353,NO
26,41257.0,12.294096417795393,657,2022101605,6,Bradley Roby,CB,2022101605,657,C,0.701930353,NO
27,44851.0,6.666854646166237,657,2022101605,6,Marcus Maye,FS,2022101605,657,C,0.701930353,NO
28,53505.0,23.411222844004055,657,2022101605,6,Paulson Adebo,CB,2022101605,657,C,0.701930353,NO
29,37724.0,8.285483067537866,689,2022101605,6,Chris Harris,CB,2022101605,689,C,0.761653258,NO
30,40017.0,1.260572853497338,689,2022101605,6,Tyrann Mathieu,FS,2022101605,689,C,0.761653258,NO
31,41257.0,2.9922559293782665,689,2022101605,6,Bradley Roby,CB,2022101605,689,C,0.761653258,NO
32,44851.0,4.991062840823452,689,2022101605,6,Marcus Maye,FS,2022101605,689,C,0.761653258,NO
33,53505.0,3.225532178662675,689,2022101605,6,Paulson Adebo,CB,2022101605,689,C,0.761653258,NO
34,37724.0,4.700479399150413,713,2022101605,6,Chris Harris,CB,2022101605,713,C,0.378758544,NO
35,40017.0,6.399385698187524,713,2022101605,6,Tyrann Mathieu,FS,2022101605,713,C,0.378758544,NO
36,41257.0,8.272078164371969,713,2022101605,6,Bradley Roby,CB,2022101605,713,C,0.378758544,NO
37,44851.0,13.067356647006383,713,2022101605,6,Marcus Maye,FS,2022101605,713,C,0.378758544,NO
38,53505.0,7.734304088856859,713,2022101605,6,Paulson Adebo,CB,2022101605,713,C,0.378758544,NO
39,37724.0,3.582459109025581,771,2022101605,6,Chris Harris,CB,2022101605,771,C,-0.55972804,NO
40,40017.0,4.341778275653184,771,2022101605,6,Tyrann Mathieu,FS,2022101605,771,C,-0.55972804,NO
41,41257.0,3.021326292426888,771,2022101605,6,Bradley Roby,CB,2022101605,771,C,-0.55972804,NO
42,44851.0,4.2911692883027985,771,2022101605,6,Marcus Maye,FS,2022101605,771,C,-0.55972804,NO
43,53505.0,1.460084224094877,771,2022101605,6,Paulson Adebo,CB,2022101605,771,C,-0.55972804,NO
44,37724.0,3.393010195740607,853,2022101605,6,Chris Harris,CB,2022101605,853,C,-0.274269421,NO
45,40017.0,18.890217600879183,853,2022101605,6,Tyrann Mathieu,FS,2022101605,853,C,-0.274269421,NO
46,41257.0,18.804018446896183,853,2022101605,6,Bradley Roby,CB,2022101605,853,C,-0.274269421,NO
47,44851.0,4.743268618238393,853,2022101605,6,Marcus Maye,FS,2022101605,853,C,-0.274269421,NO
48,53505.0,9.690198546469277,853,2022101605,6,Paulson Adebo,CB,2022101605,853,C,-0.274269421,NO
49,37724.0,3.991595971075192,877,2022101605,6,Chris Harris,CB,2022101605,877,C,1.013636559,NO
50,40017.0,1.5461153041715447,877,2022101605,6,Tyrann Mathieu,FS,2022101605,877,C,1.013636559,NO
51,41257.0,10.767454276052097,877,2022101605,6,Bradley Roby,CB,2022101605,877,C,1.013636559,NO
52,44851.0,9.89878052744477,877,2022101605,6,Marcus Maye,FS,2022101605,877,C,1.013636559,NO
53,53505.0,3.7879757995096885,877,2022101605,6,Paulson Adebo,CB,2022101605,877,C,1.013636559,NO
54,37724.0,2.9287054790594422,960,2022101605,6,Chris Harris,CB,2022101605,960,C,3.093862749,NO
55,40017.0,2.198869561235011,960,2022101605,6,Tyrann Mathieu,FS,2022101605,960,C,3.093862749,NO
56,41257.0,7.727443774251484,960,2022101605,6,Bradley Roby,CB,2022101605,960,C,3.093862749,NO
57,44851.0,1.0027759126094915,960,2022101605,6,Marcus Maye,FS,2022101605,960,C,3.093862749,NO
58,53505.0,2.205704859999224,960,2022101605,6,Paulson Adebo,CB,2022101605,960,C,3.093862749,NO
59,43299.0,8.937757535466632,1020,2022101605,6,Eli Apple,CB,2022101605,1020,C,0.427426639,CIN
60,43350.0,6.854205367872837,1020,2022101605,6,Vonn Bell,SS,2022101605,1020,C,0.427426639,CIN
61,44872.0,10.45279366077401,1020,2022101605,6,Chidobe Awuzie,CB,2022101605,1020,C,0.427426639,CIN
62,46123.0,5.055979175480511,1020,2022101605,6,Jessie Bates,FS,2022101605,1020,C,0.427426639,CIN
63,37724.0,2.2267996888158867,1252,2022101605,6,Chris Harris,CB,2022101605,1252,C,-0.451536117,NO
64,40017.0,7.439661872140462,1252,2022101605,6,Tyrann Mathieu,FS,2022101605,1252,C,-0.451536117,NO
65,41257.0,16.287708716947726,1252,2022101605,6,Bradley Roby,CB,2022101605,1252,C,-0.451536117,NO
66,44851.0,4.95897143366014,1252,2022101605,6,Marcus Maye,FS,2022101605,1252,C,-0.451536117,NO
67,44862.0,5.683201748946332,1252,2022101605,6,Justin Evans,SS,2022101605,1252,C,-0.451536117,NO
68,53505.0,3.8724281788046055,1252,2022101605,6,Paulson Adebo,CB,2022101605,1252,C,-0.451536117,NO
69,37724.0,4.382541253963454,1483,2022101605,6,Chris Harris,CB,2022101605,1483,C,-0.018740271,NO
70,40017.0,5.833799108240038,1483,2022101605,6,Tyrann Mathieu,FS,2022101605,1483,C,-0.018740271,NO
71,41257.0,12.356527627316312,1483,2022101605,6,Bradley Roby,CB,2022101605,1483,C,-0.018740271,NO
72,44851.0,4.8874075719758485,1483,2022101605,6,Marcus Maye,FS,2022101605,1483,C,-0.018740271,NO
73,53505.0,4.622361755417267,1483,2022101605,6,Paulson Adebo,CB,2022101605,1483,C,-0.018740271,NO
74,37724.0,5.925878933277144,1542,2022101605,6,Chris Harris,CB,2022101605,1542,C,-0.132706972,NO
75,40017.0,5.081949972406225,1542,2022101605,6,Tyrann Mathieu,FS,2022101605,1542,C,-0.132706972,NO
76,41257.0,5.358483699355401,1542,2022101605,6,Bradley Roby,CB,2022101605,1542,C,-0.132706972,NO
77,44851.0,4.121822246809858,1542,2022101605,6,Marcus Maye,FS,2022101605,1542,C,-0.132706972,NO
78,53505.0,16.163112040996722,1542,2022101605,6,Paulson Adebo,CB,2022101605,1542,C,-0.132706972,NO
79,37724.0,11.898114096868397,1570,2022101605,6,Chris Harris,CB,2022101605,1570,C,1.78867342,NO
80,40017.0,11.610648014345136,1570,2022101605,6,Tyrann Mathieu,FS,2022101605,1570,C,1.78867342,NO
81,41257.0,11.614028824159801,1570,2022101605,6,Bradley Roby,CB,2022101605,1570,C,1.78867342,NO
82,44851.0,6.040430114244502,1570,2022101605,6,Marcus Maye,FS,2022101605,1570,C,1.78867342,NO
83,53505.0,12.72792491753416,1570,2022101605,6,Paulson Adebo,CB,2022101605,1570,C,1.78867342,NO
84,37724.0,5.013241118891209,1594,2022101605,6,Chris Harris,CB,2022101605,1594,C,0.513923654,NO
85,40017.0,5.835581318348868,1594,2022101605,6,Tyrann Mathieu,FS,2022101605,1594,C,0.513923654,NO
86,41257.0,27.86359332223864,1594,2022101605,6,Bradley Roby,CB,2022101605,1594,C,0.513923654,NO
87,44851.0,15.725158113933627,1594,2022101605,6,Marcus Maye,FS,2022101605,1594,C,0.513923654,NO
88,53505.0,9.101783551783441,1594,2022101605,6,Paulson Adebo,CB,2022101605,1594,C,0.513923654,NO
89,37724.0,1.0910930472336924,1653,2022101605,6,Chris Harris,CB,2022101605,1653,C,1.0604385,NO
90,40017.0,0.22652791533123753,1653,2022101605,6,Tyrann Mathieu,FS,2022101605,1653,C,1.0604385,NO
91,41257.0,2.2407765227416583,1653,2022101605,6,Bradley Roby,CB,2022101605,1653,C,1.0604385,NO
92,44851.0,1.2827170240155186,1653,2022101605,6,Marcus Maye,FS,2022101605,1653,C,1.0604385,NO
93,53505.0,2.574238727176595,1653,2022101605,6,Paulson Adebo,CB,2022101605,1653,C,1.0604385,NO
94,37724.0,6.101698486389254,1677,2022101605,6,Chris Harris,CB,2022101605,1677,C,-0.314931918,NO
95,40017.0,3.1708748708318,1677,2022101605,6,Tyrann Mathieu,FS,2022101605,1677,C,-0.314931918,NO
96,41257.0,12.687073096464651,1677,2022101605,6,Bradley Roby,CB,2022101605,1677,C,-0.314931918,NO
97,44851.0,4.721755470655533,1677,2022101605,6,Marcus Maye,FS,2022101605,1677,C,-0.314931918,NO
98,53505.0,10.473694239655364,1677,2022101605,6,Paulson Adebo,CB,2022101605,1677,C,-0.314931918,NO
99,43299.0,2.444467586705875,1838,2022101605,6,Eli Apple,CB,2022101605,1838,C,1.125868632,CIN
100,43350.0,3.866042951382252,1838,2022101605,6,Vonn Bell,SS,2022101605,1838,C,1.125868632,CIN
101,43641.0,2.061743213573881,1838,2022101605,6,Mike Hilton,CB,2022101605,1838,C,1.125868632,CIN
102,44872.0,2.022308540568192,1838,2022101605,6,Chidobe Awuzie,CB,2022101605,1838,C,1.125868632,CIN
103,46123.0,5.140413296583619,1838,2022101605,6,Jessie Bates,FS,2022101605,1838,C,1.125868632,CIN
104,43299.0,3.153307872195432,1909,2022101605,6,Eli Apple,CB,2022101605,1909,C,2.00729807,CIN
105,43350.0,12.206692911172912,1909,2022101605,6,Vonn Bell,SS,2022101605,1909,C,2.00729807,CIN
106,43641.0,3.26466577284888,1909,2022101605,6,Mike Hilton,CB,2022101605,1909,C,2.00729807,CIN
107,44872.0,7.322600193387643,1909,2022101605,6,Chidobe Awuzie,CB,2022101605,1909,C,2.00729807,CIN
108,46123.0,7.01872942549913,1909,2022101605,6,Jessie Bates,FS,2022101605,1909,C,2.00729807,CIN
109,43299.0,1.71659526473798,2030,2022101605,6,Eli Apple,CB,2022101605,2030,C,1.031214694,CIN
110,43350.0,7.370214045207497,2030,2022101605,6,Vonn Bell,SS,2022101605,2030,C,1.031214694,CIN
111,43641.0,18.41360208377047,2030,2022101605,6,Mike Hilton,CB,2022101605,2030,C,1.031214694,CIN
112,44872.0,22.2144274621013,2030,2022101605,6,Chidobe Awuzie,CB,2022101605,2030,C,1.031214694,CIN
113,46123.0,4.542539248726485,2030,2022101605,6,Jessie Bates,FS,2022101605,2030,C,1.031214694,CIN
114,54496.0,6.136691637026507,2030,2022101605,6,Dax Hill,FS,2022101605,2030,C,1.031214694,CIN
115,43299.0,10.820389254010532,2054,2022101605,6,Eli Apple,CB,2022101605,2054,C,-0.764192433,CIN
116,43350.0,4.781948923222854,2054,2022101605,6,Vonn Bell,SS,2022101605,2054,C,-0.764192433,CIN
117,43641.0,11.388597204305439,2054,2022101605,6,Mike Hilton,CB,2022101605,2054,C,-0.764192433,CIN
118,44872.0,19.092799869088484,2054,2022101605,6,Chidobe Awuzie,CB,2022101605,2054,C,-0.764192433,CIN
119,46123.0,3.249865773492091,2054,2022101605,6,Jessie Bates,FS,2022101605,2054,C,-0.764192433,CIN
120,43299.0,18.081987057574274,2130,2022101605,6,Eli Apple,CB,2022101605,2130,C,0.156739603,CIN
121,43350.0,16.68593398580525,2130,2022101605,6,Vonn Bell,SS,2022101605,2130,C,0.156739603,CIN
122,43641.0,15.913080324712425,2130,2022101605,6,Mike Hilton,CB,2022101605,2130,C,0.156739603,CIN
123,44872.0,11.803705339884491,2130,2022101605,6,Chidobe Awuzie,CB,2022101605,2130,C,0.156739603,CIN
124,46123.0,17.4339383663232,2130,2022101605,6,Jessie Bates,FS,2022101605,2130,C,0.156739603,CIN
125,46215.0,15.538992343459524,2130,2022101605,6,Tre Flowers,CB,2022101605,2130,C,0.156739603,CIN
126,43299.0,4.575519961667544,2298,2022101605,6,Eli Apple,CB,2022101605,2298,C,2.319751183,CIN
127,43350.0,7.227372004923613,2298,2022101605,6,Vonn Bell,SS,2022101605,2298,C,2.319751183,CIN
128,43641.0,5.717499315761898,2298,2022101605,6,Mike Hilton,CB,2022101605,2298,C,2.319751183,CIN
129,44872.0,15.26495672050672,2298,2022101605,6,Chidobe Awuzie,CB,2022101605,2298,C,2.319751183,CIN
130,46123.0,7.2425773354257545,2298,2022101605,6,Jessie Bates,FS,2022101605,2298,C,2.319751183,CIN
131,46215.0,9.223130626868986,2298,2022101605,6,Tre Flowers,CB,2022101605,2298,C,2.319751183,CIN
132,43299.0,4.870628872172251,2450,2022101605,6,Eli Apple,CB,2022101605,2450,C,3.615996173,CIN
133,43350.0,4.083132909676916,2450,2022101605,6,Vonn Bell,SS,2022101605,2450,C,3.615996173,CIN
134,43641.0,5.430284065090133,2450,2022101605,6,Mike Hilton,CB,2022101605,2450,C,3.615996173,CIN
135,44872.0,6.441883563091431,2450,2022101605,6,Chidobe Awuzie,CB,2022101605,2450,C,3.615996173,CIN
136,46123.0,2.126282757413457,2450,2022101605,6,Jessie Bates,FS,2022101605,2450,C,3.615996173,CIN
137,46215.0,2.262453210116102,2450,2022101605,6,Tre Flowers,CB,2022101605,2450,C,3.615996173,CIN
138,43299.0,1.3121820438427838,2536,2022101605,6,Eli Apple,CB,2022101605,2536,C,2.089374468,CIN
139,43350.0,4.790395789602707,2536,2022101605,6,Vonn Bell,SS,2022101605,2536,C,2.089374468,CIN
140,43641.0,1.9419375249551623,2536,2022101605,6,Mike Hilton,CB,2022101605,2536,C,2.089374468,CIN
141,44872.0,2.669335518664164,2536,2022101605,6,Chidobe Awuzie,CB,2022101605,2536,C,2.089374468,CIN
142,46123.0,1.0815447978911261,2536,2022101605,6,Jessie Bates,FS,2022101605,2536,C,2.089374468,CIN
143,37724.0,2.108358335283442,2721,2022101605,6,Chris Harris,CB,2022101605,2721,C,0.602467441,NO
144,40017.0,2.9920948251463053,2721,2022101605,6,Tyrann Mathieu,FS,2022101605,2721,C,0.602467441,NO
145,41257.0,7.349288580292316,2721,2022101605,6,Bradley Roby,CB,2022101605,2721,C,0.602467441,NO
146,44851.0,1.5462934137297013,2721,2022101605,6,Marcus Maye,FS,2022101605,2721,C,0.602467441,NO
147,53505.0,3.172582616679831,2721,2022101605,6,Paulson Adebo,CB,2022101605,2721,C,0.602467441,NO
148,37724.0,21.512673020387425,2775,2022101605,6,Chris Harris,CB,2022101605,2775,C,1.590684259,NO
149,40017.0,14.088438609977569,2775,2022101605,6,Tyrann Mathieu,FS,2022101605,2775,C,1.590684259,NO
150,41257.0,6.974683464891023,2775,2022101605,6,Bradley Roby,CB,2022101605,2775,C,1.590684259,NO
151,44851.0,19.367941868175812,2775,2022101605,6,Marcus Maye,FS,2022101605,2775,C,1.590684259,NO
152,53505.0,29.76948673183602,2775,2022101605,6,Paulson Adebo,CB,2022101605,2775,C,1.590684259,NO
153,37724.0,7.6486255643971015,2804,2022101605,6,Chris Harris,CB,2022101605,2804,C,0.876922087,NO
154,40017.0,3.5794307376509087,2804,2022101605,6,Tyrann Mathieu,FS,2022101605,2804,C,0.876922087,NO
155,41257.0,5.474241544062804,2804,2022101605,6,Bradley Roby,CB,2022101605,2804,C,0.876922087,NO
156,44851.0,2.9372238814440834,2804,2022101605,6,Marcus Maye,FS,2022101605,2804,C,0.876922087,NO
157,53505.0,8.521150206860492,2804,2022101605,6,Paulson Adebo,CB,2022101605,2804,C,0.876922087,NO
158,43299.0,1.8694950029908146,2946,2022101605,6,Eli Apple,CB,2022101605,2946,C,1.730129719,CIN
159,43350.0,2.123740079169881,2946,2022101605,6,Vonn Bell,SS,2022101605,2946,C,1.730129719,CIN
160,43641.0,5.468820914118268,2946,2022101605,6,Mike Hilton,CB,2022101605,2946,C,1.730129719,CIN
161,44872.0,7.63856520441731,2946,2022101605,6,Chidobe Awuzie,CB,2022101605,2946,C,1.730129719,CIN
162,46123.0,1.8330208163225277,2946,2022101605,6,Jessie Bates,FS,2022101605,2946,C,1.730129719,CIN
163,43299.0,4.892495822071641,2995,2022101605,6,Eli Apple,CB,2022101605,2995,C,-0.588284393,CIN
164,43350.0,6.30613162728104,2995,2022101605,6,Vonn Bell,SS,2022101605,2995,C,-0.588284393,CIN
165,43641.0,5.8208462472699285,2995,2022101605,6,Mike Hilton,CB,2022101605,2995,C,-0.588284393,CIN
166,44872.0,5.472708224448531,2995,2022101605,6,Chidobe Awuzie,CB,2022101605,2995,C,-0.588284393,CIN
167,46123.0,4.699435189084616,2995,2022101605,6,Jessie Bates,FS,2022101605,2995,C,-0.588284393,CIN
168,43299.0,2.0566150810370583,3088,2022101605,6,Eli Apple,CB,2022101605,3088,C,1.165527909,CIN
169,43350.0,22.520029913805836,3088,2022101605,6,Vonn Bell,SS,2022101605,3088,C,1.165527909,CIN
170,44872.0,2.9722949067761726,3088,2022101605,6,Chidobe Awuzie,CB,2022101605,3088,C,1.165527909,CIN
171,46123.0,3.8148361459762516,3088,2022101605,6,Jessie Bates,FS,2022101605,3088,C,1.165527909,CIN
172,43299.0,1.5849944532897702,3162,2022101605,6,Eli Apple,CB,2022101605,3162,C,1.21600114,CIN
173,43350.0,1.6929895030679651,3162,2022101605,6,Vonn Bell,SS,2022101605,3162,C,1.21600114,CIN
174,43641.0,0.8013537942107511,3162,2022101605,6,Mike Hilton,CB,2022101605,3162,C,1.21600114,CIN
175,44872.0,1.919375186335555,3162,2022101605,6,Chidobe Awuzie,CB,2022101605,3162,C,1.21600114,CIN
176,46123.0,2.2223899337128104,3162,2022101605,6,Jessie Bates,FS,2022101605,3162,C,1.21600114,CIN
177,46215.0,4.007481521721643,3162,2022101605,6,Tre Flowers,CB,2022101605,3162,C,1.21600114,CIN
178,54496.0,2.7399180559198486,3162,2022101605,6,Dax Hill,FS,2022101605,3162,C,1.21600114,CIN
179,43299.0,3.2093470743003976,3239,2022101605,6,Eli Apple,CB,2022101605,3239,C,-0.529292194,CIN
180,43350.0,1.9424956181304072,3239,2022101605,6,Vonn Bell,SS,2022101605,3239,C,-0.529292194,CIN
181,43641.0,2.408611421066765,3239,2022101605,6,Mike Hilton,CB,2022101605,3239,C,-0.529292194,CIN
182,44872.0,6.551923495811651,3239,2022101605,6,Chidobe Awuzie,CB,2022101605,3239,C,-0.529292194,CIN
183,46123.0,4.727018908840689,3239,2022101605,6,Jessie Bates,FS,2022101605,3239,C,-0.529292194,CIN
184,37724.0,4.990566811869735,3347,2022101605,6,Chris Harris,CB,2022101605,3347,C,1.719837927,NO
185,40017.0,4.187360973196434,3347,2022101605,6,Tyrann Mathieu,FS,2022101605,3347,C,1.719837927,NO
186,41257.0,2.0138670995825554,3347,2022101605,6,Bradley Roby,CB,2022101605,3347,C,1.719837927,NO
187,44851.0,7.335457077878956,3347,2022101605,6,Marcus Maye,FS,2022101605,3347,C,1.719837927,NO
188,53505.0,3.80392501091491,3347,2022101605,6,Paulson Adebo,CB,2022101605,3347,C,1.719837927,NO
189,37724.0,4.452770288381813,3403,2022101605,6,Chris Harris,CB,2022101605,3403,C,0.523606625,NO
190,40017.0,7.122824155038474,3403,2022101605,6,Tyrann Mathieu,FS,2022101605,3403,C,0.523606625,NO
191,41257.0,15.90448872309077,3403,2022101605,6,Bradley Roby,CB,2022101605,3403,C,0.523606625,NO
192,44851.0,5.200326343501845,3403,2022101605,6,Marcus Maye,FS,2022101605,3403,C,0.523606625,NO
193,53505.0,2.3213021657857418,3403,2022101605,6,Paulson Adebo,CB,2022101605,3403,C,0.523606625,NO
194,37724.0,6.680762826694665,3503,2022101605,6,Chris Harris,CB,2022101605,3503,C,0.251144361,NO
195,40017.0,6.085857234828373,3503,2022101605,6,Tyrann Mathieu,FS,2022101605,3503,C,0.251144361,NO
196,41257.0,2.599691041563638,3503,2022101605,6,Bradley Roby,CB,2022101605,3503,C,0.251144361,NO
197,44851.0,5.265244309424374,3503,2022101605,6,Marcus Maye,FS,2022101605,3503,C,0.251144361,NO
198,44862.0,1.3447004547339463,3503,2022101605,6,Justin Evans,SS,2022101605,3503,C,0.251144361,NO
199,53505.0,13.749172092341192,3503,2022101605,6,Paulson Adebo,CB,2022101605,3503,C,0.251144361,NO
200,37724.0,3.4632069427332843,3531,2022101605,6,Chris Harris,CB,2022101605,3531,C,1.829902734,NO
201,40017.0,2.748727330286977,3531,2022101605,6,Tyrann Mathieu,FS,2022101605,3531,C,1.829902734,NO
202,41257.0,3.8453664178018663,3531,2022101605,6,Bradley Roby,CB,2022101605,3531,C,1.829902734,NO
203,44851.0,1.8816190672759603,3531,2022101605,6,Marcus Maye,FS,2022101605,3531,C,1.829902734,NO
204,44862.0,4.126356251707182,3531,2022101605,6,Justin Evans,SS,2022101605,3531,C,1.829902734,NO
205,53505.0,4.290279409587909,3531,2022101605,6,Paulson Adebo,CB,2022101605,3531,C,1.829902734,NO
206,37724.0,4.763206564546578,3562,2022101605,6,Chris Harris,CB,2022101605,3562,C,0.728950714,NO
207,40017.0,8.1915776276519,3562,2022101605,6,Tyrann Mathieu,FS,2022101605,3562,C,0.728950714,NO
208,41257.0,14.652642472851594,3562,2022101605,6,Bradley Roby,CB,2022101605,3562,C,0.728950714,NO
209,44851.0,3.739959729883732,3562,2022101605,6,Marcus Maye,FS,2022101605,3562,C,0.728950714,NO
210,53505.0,4.205791404070196,3562,2022101605,6,Paulson Adebo,CB,2022101605,3562,C,0.728950714,NO
211,37724.0,18.066707661197082,3632,2022101605,6,Chris Harris,CB,2022101605,3632,C,-0.335935044,NO
212,40017.0,6.610423933924641,3632,2022101605,6,Tyrann Mathieu,FS,2022101605,3632,C,-0.335935044,NO
213,41257.0,14.182985259845129,3632,2022101605,6,Bradley Roby,CB,2022101605,3632,C,-0.335935044,NO
214,44851.0,18.490928909902483,3632,2022101605,6,Marcus Maye,FS,2022101605,3632,C,-0.335935044,NO
215,44862.0,13.937190391641394,3632,2022101605,6,Justin Evans,SS,2022101605,3632,C,-0.335935044,NO
216,53505.0,13.537766541593504,3632,2022101605,6,Paulson Adebo,CB,2022101605,3632,C,-0.335935044,NO
217,37724.0,30.194665101861986,3778,2022101605,6,Chris Harris,CB,2022101605,3778,C,5.19714874,NO
218,40017.0,17.91082883455104,3778,2022101605,6,Tyrann Mathieu,FS,2022101605,3778,C,5.19714874,NO
219,41257.0,33.74002279200312,3778,2022101605,6,Bradley Roby,CB,2022101605,3778,C,5.19714874,NO
220,44851.0,43.36237955936871,3778,2022101605,6,Marcus Maye,FS,2022101605,3778,C,5.19714874,NO
221,53505.0,43.01591231408434,3778,2022101605,6,Paulson Adebo,CB,2022101605,3778,C,5.19714874,NO
222,43299.0,2.139260759654609,3899,2022101605,6,Eli Apple,CB,2022101605,3899,C,0.989895435,CIN
223,43350.0,1.516151617672682,3899,2022101605,6,Vonn Bell,SS,2022101605,3899,C,0.989895435,CIN
224,43641.0,6.065885874063289,3899,2022101605,6,Mike Hilton,CB,2022101605,3899,C,0.989895435,CIN
225,44872.0,4.204270871030753,3899,2022101605,6,Chidobe Awuzie,CB,2022101605,3899,C,0.989895435,CIN
226,46123.0,4.417117744072825,3899,2022101605,6,Jessie Bates,FS,2022101605,3899,C,0.989895435,CIN
227,46215.0,2.362422475062987,3899,2022101605,6,Tre Flowers,CB,2022101605,3899,C,0.989895435,CIN
228,43299.0,1.901015449205143,3923,2022101605,6,Eli Apple,CB,2022101605,3923,C,0.314287234,CIN
229,43350.0,2.5301616133082208,3923,2022101605,6,Vonn Bell,SS,2022101605,3923,C,0.314287234,CIN
230,43641.0,7.2102834857400495,3923,2022101605,6,Mike Hilton,CB,2022101605,3923,C,0.314287234,CIN
231,44872.0,14.460780452144878,3923,2022101605,6,Chidobe Awuzie,CB,2022101605,3923,C,0.314287234,CIN
232,46123.0,4.754641245878603,3923,2022101605,6,Jessie Bates,FS,2022101605,3923,C,0.314287234,CIN
233,46215.0,3.4028642683799823,3923,2022101605,6,Tre Flowers,CB,2022101605,3923,C,0.314287234,CIN
234,43299.0,2.1218137054181327,3947,2022101605,6,Eli Apple,CB,2022101605,3947,C,0.606807357,CIN
235,43350.0,1.1821971613295752,3947,2022101605,6,Vonn Bell,SS,2022101605,3947,C,0.606807357,CIN
236,43641.0,3.9748588344723834,3947,2022101605,6,Mike Hilton,CB,2022101605,3947,C,0.606807357,CIN
237,44872.0,2.9448368397555873,3947,2022101605,6,Chidobe Awuzie,CB,2022101605,3947,C,0.606807357,CIN
238,46123.0,2.1893533603528086,3947,2022101605,6,Jessie Bates,FS,2022101605,3947,C,0.606807357,CIN
239,46215.0,2.9180425616224714,3947,2022101605,6,Tre Flowers,CB,2022101605,3947,C,0.606807357,CIN
0,44830.0,1.884429129767853,98,2022101606,6,Adoree' Jackson,CB,2022101606,98,C,2.258004321,NYG
1,44893.0,5.307577985055345,98,2022101606,6,Fabian Moreau,CB,2022101606,98,C,2.258004321,NYG
2,47891.0,7.27062604084958,98,2022101606,6,Julian Love,SS,2022101606,98,C,2.258004321,NYG
3,52444.0,5.662256640012316,98,2022101606,6,Xavier McKinney,FS,2022101606,98,C,2.258004321,NYG
4,44830.0,16.2155308455021,189,2022101606,6,Adoree' Jackson,CB,2022101606,189,C,1.551978509,NYG
5,44893.0,12.52467781418828,189,2022101606,6,Fabian Moreau,CB,2022101606,189,C,1.551978509,NYG
6,47891.0,17.343722329719697,189,2022101606,6,Julian Love,SS,2022101606,189,C,1.551978509,NYG
7,52444.0,17.179564972144604,189,2022101606,6,Xavier McKinney,FS,2022101606,189,C,1.551978509,NYG
8,54579.0,7.007159853054741,189,2022101606,6,Dane Belton,FS,2022101606,189,C,1.551978509,NYG
9,44830.0,4.721712667207921,213,2022101606,6,Adoree' Jackson,CB,2022101606,213,C,-0.422352067,NYG
10,44893.0,1.799235042298607,213,2022101606,6,Fabian Moreau,CB,2022101606,213,C,-0.422352067,NYG
11,47891.0,7.694655322038207,213,2022101606,6,Julian Love,SS,2022101606,213,C,-0.422352067,NYG
12,52444.0,8.113527674410578,213,2022101606,6,Xavier McKinney,FS,2022101606,213,C,-0.422352067,NYG
13,54579.0,7.932338668813203,213,2022101606,6,Dane Belton,FS,2022101606,213,C,-0.422352067,NYG
14,42361.0,3.712765349286109,316,2022101606,6,Marcus Peters,CB,2022101606,316,C,0.437623047,BAL
15,44828.0,4.995236236395636,316,2022101606,6,Marlon Humphrey,CB,2022101606,316,C,0.437623047,BAL
16,44999.0,4.145079147750416,316,2022101606,6,Chuck Clark,SS,2022101606,316,C,0.437623047,BAL
17,52627.0,4.001623904299017,316,2022101606,6,Geno Stone,SS,2022101606,316,C,0.437623047,BAL
18,54606.0,3.7955872705263807,316,2022101606,6,Damarion Williams,CB,2022101606,316,C,0.437623047,BAL
19,42361.0,12.10488841606723,340,2022101606,6,Marcus Peters,CB,2022101606,340,C,1.932112127,BAL
20,44828.0,1.865617744236231,340,2022101606,6,Marlon Humphrey,CB,2022101606,340,C,1.932112127,BAL
21,44999.0,9.849737541219504,340,2022101606,6,Chuck Clark,SS,2022101606,340,C,1.932112127,BAL
22,52627.0,2.10535032714273,340,2022101606,6,Geno Stone,SS,2022101606,340,C,1.932112127,BAL
23,54479.0,16.333827847507237,340,2022101606,6,Kyle Hamilton,FS,2022101606,340,C,1.932112127,BAL
24,54606.0,12.344837536103034,340,2022101606,6,Damarion Williams,CB,2022101606,340,C,1.932112127,BAL
25,44830.0,4.789150634762812,519,2022101606,6,Adoree' Jackson,CB,2022101606,519,C,2.48041573,NYG
26,44893.0,2.666035665270113,519,2022101606,6,Fabian Moreau,CB,2022101606,519,C,2.48041573,NYG
27,47891.0,2.9571781728189563,519,2022101606,6,Julian Love,SS,2022101606,519,C,2.48041573,NYG
28,52444.0,2.01247523429081,519,2022101606,6,Xavier McKinney,FS,2022101606,519,C,2.48041573,NYG
29,54579.0,3.724602715231015,519,2022101606,6,Dane Belton,FS,2022101606,519,C,2.48041573,NYG
30,44830.0,1.5040038684121189,607,2022101606,6,Adoree' Jackson,CB,2022101606,607,C,1.037183406,NYG
31,44893.0,2.0118610745841092,607,2022101606,6,Fabian Moreau,CB,2022101606,607,C,1.037183406,NYG
32,47891.0,1.4692054646157957,607,2022101606,6,Julian Love,SS,2022101606,607,C,1.037183406,NYG
33,52444.0,1.8207146877558718,607,2022101606,6,Xavier McKinney,FS,2022101606,607,C,1.037183406,NYG
34,54579.0,1.728790946047126,607,2022101606,6,Dane Belton,FS,2022101606,607,C,1.037183406,NYG
35,44830.0,17.819354400121824,921,2022101606,6,Adoree' Jackson,CB,2022101606,921,C,0.686600717,NYG
36,44893.0,16.546824647831542,921,2022101606,6,Fabian Moreau,CB,2022101606,921,C,0.686600717,NYG
37,47891.0,21.761469418964374,921,2022101606,6,Julian Love,SS,2022101606,921,C,0.686600717,NYG
38,52444.0,18.084353649790398,921,2022101606,6,Xavier McKinney,FS,2022101606,921,C,0.686600717,NYG
39,44830.0,2.642220074308981,971,2022101606,6,Adoree' Jackson,CB,2022101606,971,C,1.335746671,NYG
40,44893.0,3.309729285584945,971,2022101606,6,Fabian Moreau,CB,2022101606,971,C,1.335746671,NYG
41,47891.0,3.683521364562961,971,2022101606,6,Julian Love,SS,2022101606,971,C,1.335746671,NYG
42,52444.0,2.3973519639086955,971,2022101606,6,Xavier McKinney,FS,2022101606,971,C,1.335746671,NYG
43,54579.0,2.131656874185017,971,2022101606,6,Dane Belton,FS,2022101606,971,C,1.335746671,NYG
44,44830.0,22.12834082972824,1038,2022101606,6,Adoree' Jackson,CB,2022101606,1038,C,1.954353101,NYG
45,44893.0,7.006076288052438,1038,2022101606,6,Fabian Moreau,CB,2022101606,1038,C,1.954353101,NYG
46,47891.0,8.47795028622183,1038,2022101606,6,Julian Love,SS,2022101606,1038,C,1.954353101,NYG
47,52444.0,8.877594189472301,1038,2022101606,6,Xavier McKinney,FS,2022101606,1038,C,1.954353101,NYG
48,52518.0,13.762594533187707,1038,2022101606,6,Darnay Holmes,CB,2022101606,1038,C,1.954353101,NYG
49,54579.0,12.040680482054448,1038,2022101606,6,Dane Belton,FS,2022101606,1038,C,1.954353101,NYG
50,42361.0,22.04634004446073,1127,2022101606,6,Marcus Peters,CB,2022101606,1127,C,-0.482145446,BAL
51,44828.0,15.517904719055254,1127,2022101606,6,Marlon Humphrey,CB,2022101606,1127,C,-0.482145446,BAL
52,44999.0,22.573670448890457,1127,2022101606,6,Chuck Clark,SS,2022101606,1127,C,-0.482145446,BAL
53,52627.0,24.321202205026758,1127,2022101606,6,Geno Stone,SS,2022101606,1127,C,-0.482145446,BAL
54,53533.0,23.762944315845687,1127,2022101606,6,Brandon Stephens,FS,2022101606,1127,C,-0.482145446,BAL
55,42361.0,6.653635477162776,1182,2022101606,6,Marcus Peters,CB,2022101606,1182,C,-1.375327779,BAL
56,44828.0,10.432460201597054,1182,2022101606,6,Marlon Humphrey,CB,2022101606,1182,C,-1.375327779,BAL
57,44999.0,8.097909816502796,1182,2022101606,6,Chuck Clark,SS,2022101606,1182,C,-1.375327779,BAL
58,52627.0,7.710126464040628,1182,2022101606,6,Geno Stone,SS,2022101606,1182,C,-1.375327779,BAL
59,53819.0,3.0571131837958054,1182,2022101606,6,Ar'Darius Washington,FS,2022101606,1182,C,-1.375327779,BAL
60,54479.0,4.211727257053849,1182,2022101606,6,Kyle Hamilton,FS,2022101606,1182,C,-1.375327779,BAL
61,42361.0,4.687818269625847,1217,2022101606,6,Marcus Peters,CB,2022101606,1217,C,3.05528111,BAL
62,44828.0,2.9320096259069377,1217,2022101606,6,Marlon Humphrey,CB,2022101606,1217,C,3.05528111,BAL
63,44999.0,0.9479792151562475,1217,2022101606,6,Chuck Clark,SS,2022101606,1217,C,3.05528111,BAL
64,52627.0,3.2580337065201936,1217,2022101606,6,Geno Stone,SS,2022101606,1217,C,3.05528111,BAL
65,54479.0,1.6238216751118888,1217,2022101606,6,Kyle Hamilton,FS,2022101606,1217,C,3.05528111,BAL
66,54606.0,1.5938338451510805,1217,2022101606,6,Damarion Williams,CB,2022101606,1217,C,3.05528111,BAL
67,42361.0,4.369262025884592,1241,2022101606,6,Marcus Peters,CB,2022101606,1241,C,0.954473914,BAL
68,44828.0,1.029178033023613,1241,2022101606,6,Marlon Humphrey,CB,2022101606,1241,C,0.954473914,BAL
69,44999.0,4.6496368039053655,1241,2022101606,6,Chuck Clark,SS,2022101606,1241,C,0.954473914,BAL
70,52627.0,3.3524567360619937,1241,2022101606,6,Geno Stone,SS,2022101606,1241,C,0.954473914,BAL
71,53533.0,5.838635941129351,1241,2022101606,6,Brandon Stephens,FS,2022101606,1241,C,0.954473914,BAL
72,42361.0,14.064572774902016,1414,2022101606,6,Marcus Peters,CB,2022101606,1414,C,2.86435551,BAL
73,44828.0,8.345783033142686,1414,2022101606,6,Marlon Humphrey,CB,2022101606,1414,C,2.86435551,BAL
74,44999.0,6.572273431416246,1414,2022101606,6,Chuck Clark,SS,2022101606,1414,C,2.86435551,BAL
75,52627.0,8.030434178657337,1414,2022101606,6,Geno Stone,SS,2022101606,1414,C,2.86435551,BAL
76,54479.0,6.9927465737104155,1414,2022101606,6,Kyle Hamilton,FS,2022101606,1414,C,2.86435551,BAL
77,54606.0,6.010472415264168,1414,2022101606,6,Damarion Williams,CB,2022101606,1414,C,2.86435551,BAL
78,44830.0,4.176216463540915,1527,2022101606,6,Adoree' Jackson,CB,2022101606,1527,C,1.620184262,NYG
79,44893.0,9.583605655867782,1527,2022101606,6,Fabian Moreau,CB,2022101606,1527,C,1.620184262,NYG
80,47891.0,2.4833816533071373,1527,2022101606,6,Julian Love,SS,2022101606,1527,C,1.620184262,NYG
81,52444.0,8.14757217602566,1527,2022101606,6,Xavier McKinney,FS,2022101606,1527,C,1.620184262,NYG
82,54579.0,7.676721321589996,1527,2022101606,6,Dane Belton,FS,2022101606,1527,C,1.620184262,NYG
83,44830.0,10.112036405814523,1577,2022101606,6,Adoree' Jackson,CB,2022101606,1577,C,1.209059906,NYG
84,44893.0,5.288749483521787,1577,2022101606,6,Fabian Moreau,CB,2022101606,1577,C,1.209059906,NYG
85,47891.0,4.64742986976789,1577,2022101606,6,Julian Love,SS,2022101606,1577,C,1.209059906,NYG
86,52444.0,9.355292136589267,1577,2022101606,6,Xavier McKinney,FS,2022101606,1577,C,1.209059906,NYG
87,54579.0,9.678470163900462,1577,2022101606,6,Dane Belton,FS,2022101606,1577,C,1.209059906,NYG
88,44830.0,8.993043153959523,1894,2022101606,6,Adoree' Jackson,CB,2022101606,1894,C,0.132867569,NYG
89,44893.0,2.0266125127455683,1894,2022101606,6,Fabian Moreau,CB,2022101606,1894,C,0.132867569,NYG
90,47891.0,1.807967457202376,1894,2022101606,6,Julian Love,SS,2022101606,1894,C,0.132867569,NYG
91,52444.0,1.0665293032733478,1894,2022101606,6,Xavier McKinney,FS,2022101606,1894,C,0.132867569,NYG
92,52518.0,13.282968026079713,1894,2022101606,6,Darnay Holmes,CB,2022101606,1894,C,0.132867569,NYG
93,54579.0,2.7303994873923343,1894,2022101606,6,Dane Belton,FS,2022101606,1894,C,0.132867569,NYG
94,42361.0,10.671150702093035,2117,2022101606,6,Marcus Peters,CB,2022101606,2117,C,1.174820467,BAL
95,44828.0,3.798958129679672,2117,2022101606,6,Marlon Humphrey,CB,2022101606,2117,C,1.174820467,BAL
96,44999.0,13.19117609954713,2117,2022101606,6,Chuck Clark,SS,2022101606,2117,C,1.174820467,BAL
97,52627.0,7.978044787788054,2117,2022101606,6,Geno Stone,SS,2022101606,2117,C,1.174820467,BAL
98,53533.0,5.320161525928362,2117,2022101606,6,Brandon Stephens,FS,2022101606,2117,C,1.174820467,BAL
99,44830.0,3.058159872246496,2276,2022101606,6,Adoree' Jackson,CB,2022101606,2276,C,0.904805635,NYG
100,44893.0,23.527473939394106,2276,2022101606,6,Fabian Moreau,CB,2022101606,2276,C,0.904805635,NYG
101,47891.0,7.612030010613828,2276,2022101606,6,Julian Love,SS,2022101606,2276,C,0.904805635,NYG
102,52444.0,8.44248455538819,2276,2022101606,6,Xavier McKinney,FS,2022101606,2276,C,0.904805635,NYG
103,54579.0,10.368128689847326,2276,2022101606,6,Dane Belton,FS,2022101606,2276,C,0.904805635,NYG
104,44830.0,3.9663743566873424,2300,2022101606,6,Adoree' Jackson,CB,2022101606,2300,C,1.065584694,NYG
105,44893.0,5.764807580651583,2300,2022101606,6,Fabian Moreau,CB,2022101606,2300,C,1.065584694,NYG
106,47891.0,8.212404377881025,2300,2022101606,6,Julian Love,SS,2022101606,2300,C,1.065584694,NYG
107,52444.0,4.744212369670338,2300,2022101606,6,Xavier McKinney,FS,2022101606,2300,C,1.065584694,NYG
108,54579.0,1.3322073871175462,2300,2022101606,6,Dane Belton,FS,2022101606,2300,C,1.065584694,NYG
109,42361.0,2.343908984128864,2520,2022101606,6,Marcus Peters,CB,2022101606,2520,C,0.183908994,BAL
110,44828.0,3.1784327555068552,2520,2022101606,6,Marlon Humphrey,CB,2022101606,2520,C,0.183908994,BAL
111,44999.0,2.5696434151490024,2520,2022101606,6,Chuck Clark,SS,2022101606,2520,C,0.183908994,BAL
112,54479.0,2.2268209299750836,2520,2022101606,6,Kyle Hamilton,FS,2022101606,2520,C,0.183908994,BAL
113,54606.0,4.171457076096836,2520,2022101606,6,Damarion Williams,CB,2022101606,2520,C,0.183908994,BAL
114,42361.0,11.215412660642093,2544,2022101606,6,Marcus Peters,CB,2022101606,2544,C,1.687387508,BAL
115,44828.0,5.586430409377829,2544,2022101606,6,Marlon Humphrey,CB,2022101606,2544,C,1.687387508,BAL
116,44999.0,9.33279893074199,2544,2022101606,6,Chuck Clark,SS,2022101606,2544,C,1.687387508,BAL
117,53533.0,6.869936267619324,2544,2022101606,6,Brandon Stephens,FS,2022101606,2544,C,1.687387508,BAL
118,54479.0,9.453234596142975,2544,2022101606,6,Kyle Hamilton,FS,2022101606,2544,C,1.687387508,BAL
119,42361.0,2.9057021325827086,2610,2022101606,6,Marcus Peters,CB,2022101606,2610,C,2.442891706,BAL
120,44828.0,8.703956524990938,2610,2022101606,6,Marlon Humphrey,CB,2022101606,2610,C,2.442891706,BAL
121,44999.0,5.319378996092204,2610,2022101606,6,Chuck Clark,SS,2022101606,2610,C,2.442891706,BAL
122,52627.0,6.646560032927704,2610,2022101606,6,Geno Stone,SS,2022101606,2610,C,2.442891706,BAL
123,54479.0,1.2368612961902141,2610,2022101606,6,Kyle Hamilton,FS,2022101606,2610,C,2.442891706,BAL
124,54606.0,1.9966408121439772,2610,2022101606,6,Damarion Williams,CB,2022101606,2610,C,2.442891706,BAL
125,44830.0,5.617098261546156,2895,2022101606,6,Adoree' Jackson,CB,2022101606,2895,C,0.69931061,NYG
126,44893.0,4.82561619338716,2895,2022101606,6,Fabian Moreau,CB,2022101606,2895,C,0.69931061,NYG
127,47891.0,1.5288785548882646,2895,2022101606,6,Julian Love,SS,2022101606,2895,C,0.69931061,NYG
128,52444.0,3.588761163497145,2895,2022101606,6,Xavier McKinney,FS,2022101606,2895,C,0.69931061,NYG
129,54579.0,2.622661966044712,2895,2022101606,6,Dane Belton,FS,2022101606,2895,C,0.69931061,NYG
130,42361.0,5.274789974157089,3048,2022101606,6,Marcus Peters,CB,2022101606,3048,C,-0.442049529,BAL
131,44828.0,4.411604304309003,3048,2022101606,6,Marlon Humphrey,CB,2022101606,3048,C,-0.442049529,BAL
132,44999.0,5.304120070358607,3048,2022101606,6,Chuck Clark,SS,2022101606,3048,C,-0.442049529,BAL
133,52627.0,5.00033502138504,3048,2022101606,6,Geno Stone,SS,2022101606,3048,C,-0.442049529,BAL
134,42361.0,13.703016099047566,3072,2022101606,6,Marcus Peters,CB,2022101606,3072,C,2.235582629,BAL
135,44828.0,6.574119888568863,3072,2022101606,6,Marlon Humphrey,CB,2022101606,3072,C,2.235582629,BAL
136,44999.0,8.692845585999336,3072,2022101606,6,Chuck Clark,SS,2022101606,3072,C,2.235582629,BAL
137,52627.0,8.263933605766455,3072,2022101606,6,Geno Stone,SS,2022101606,3072,C,2.235582629,BAL
138,54606.0,9.882827618284528,3072,2022101606,6,Damarion Williams,CB,2022101606,3072,C,2.235582629,BAL
139,42361.0,3.698399832344068,3117,2022101606,6,Marcus Peters,CB,2022101606,3117,C,1.97729019,BAL
140,44828.0,2.3361296960460174,3117,2022101606,6,Marlon Humphrey,CB,2022101606,3117,C,1.97729019,BAL
141,44999.0,3.4200091533137043,3117,2022101606,6,Chuck Clark,SS,2022101606,3117,C,1.97729019,BAL
142,52627.0,4.832975103342368,3117,2022101606,6,Geno Stone,SS,2022101606,3117,C,1.97729019,BAL
143,54606.0,5.695003125853001,3117,2022101606,6,Damarion Williams,CB,2022101606,3117,C,1.97729019,BAL
144,42361.0,8.8231595628673,3162,2022101606,6,Marcus Peters,CB,2022101606,3162,C,0.570674821,BAL
145,44828.0,10.943685263165376,3162,2022101606,6,Marlon Humphrey,CB,2022101606,3162,C,0.570674821,BAL
146,44999.0,7.009912515739737,3162,2022101606,6,Chuck Clark,SS,2022101606,3162,C,0.570674821,BAL
147,52627.0,12.387365826627114,3162,2022101606,6,Geno Stone,SS,2022101606,3162,C,0.570674821,BAL
148,53819.0,10.327626819851206,3162,2022101606,6,Ar'Darius Washington,FS,2022101606,3162,C,0.570674821,BAL
149,44830.0,7.72828439494973,3326,2022101606,6,Adoree' Jackson,CB,2022101606,3326,C,0.510622817,NYG
150,44893.0,8.165303056240655,3326,2022101606,6,Fabian Moreau,CB,2022101606,3326,C,0.510622817,NYG
151,47891.0,3.798585114167572,3326,2022101606,6,Julian Love,SS,2022101606,3326,C,0.510622817,NYG
152,52444.0,6.26451514291742,3326,2022101606,6,Xavier McKinney,FS,2022101606,3326,C,0.510622817,NYG
153,44830.0,7.844166807082714,3392,2022101606,6,Adoree' Jackson,CB,2022101606,3392,C,0.36435218,NYG
154,44893.0,18.008681234268135,3392,2022101606,6,Fabian Moreau,CB,2022101606,3392,C,0.36435218,NYG
155,47891.0,5.2803532118856085,3392,2022101606,6,Julian Love,SS,2022101606,3392,C,0.36435218,NYG
156,52444.0,7.214664351582525,3392,2022101606,6,Xavier McKinney,FS,2022101606,3392,C,0.36435218,NYG
157,42361.0,14.643121742326244,3531,2022101606,6,Marcus Peters,CB,2022101606,3531,C,0.011796728,BAL
158,44828.0,6.695659980187574,3531,2022101606,6,Marlon Humphrey,CB,2022101606,3531,C,0.011796728,BAL
159,44999.0,2.1164460878941918,3531,2022101606,6,Chuck Clark,SS,2022101606,3531,C,0.011796728,BAL
160,52627.0,9.70453101889375,3531,2022101606,6,Geno Stone,SS,2022101606,3531,C,0.011796728,BAL
161,53533.0,19.26047990875621,3531,2022101606,6,Brandon Stephens,FS,2022101606,3531,C,0.011796728,BAL
