nflId,gameId,playId,frameId,actual_x,actual_y,smooth_x,smooth_y
43299.0,2022091103,1126,1,32.62,6.19,32.62,6.19
43299.0,2022091103,1126,2,32.0,6.12,32.385997659976596,6.142346571134942
43299.0,2022091103,1126,3,31.4,6.06,32.3930177301773,6.330125085159235
43299.0,2022091103,1126,4,30.82,6.01,32.63382953829538,6.7462725837862
43299.0,2022091103,1126,5,30.25,5.99,33.101419332193316,7.383937997477756
43299.0,2022091103,1126,6,29.71,5.99,33.78898377229771,8.236475788781965
43299.0,2022091103,1126,7,29.19,6.0,34.524705005894006,9.297439786370447
43299.0,2022091103,1126,8,28.7,6.04,35.08711726131124,10.364445188753548
43299.0,2022091103,1126,9,28.22,6.1,35.522240484066664,11.426781542243237
43299.0,2022091103,1126,10,27.76,6.18,35.94981305741389,12.451229653773233
43299.0,2022091103,1126,11,27.33,6.28,36.575407912330235,13.287396174471075
43299.0,2022091103,1126,12,26.92,6.4,37.20914334281871,14.044717328017095
43299.0,2022091103,1126,13,26.53,6.54,37.72184528621094,14.862764573292871
43299.0,2022091103,1126,14,26.17,6.69,38.14220817228492,15.71171115983013
43299.0,2022091103,1126,15,25.82,6.86,38.59018308713239,16.356635433194096
43299.0,2022091103,1126,16,25.5,7.05,39.10543757745057,16.975566670709817
43299.0,2022091103,1126,17,25.2,7.24,39.57945257127923,17.809932311123465
43299.0,2022091103,1126,18,24.92,7.44,39.97555903082004,18.622902598463465
43299.0,2022091103,1126,19,24.66,7.65,40.339137309202336,19.19894303428681
43299.0,2022091103,1126,20,24.42,7.87,40.781179162498724,19.768948730138955
43299.0,2022091103,1126,21,24.2,8.09,41.171234765829595,20.525801871981724
43299.0,2022091103,1126,22,23.99,8.33,41.525320850160824,21.175054907004373
43299.0,2022091103,1126,23,23.8,8.58,41.88674718938052,21.64006480162298
43299.0,2022091103,1126,24,23.63,8.83,42.272627032196546,22.144321106396987
43299.0,2022091103,1126,25,23.48,9.11,42.63069715022653,22.748962257005726
43299.0,2022091103,1126,26,23.33,9.38,42.94995203524418,23.317634279815756
43299.0,2022091103,1126,27,23.19,9.66,43.26069998914046,23.79714049957023
43299.0,2022091103,1126,28,23.05,9.95,43.5667127654596,24.232640391190486
43299.0,2022091103,1126,29,22.9,10.25,43.86538012358512,24.66250804202795
43299.0,2022091103,1126,30,22.74,10.56,44.14835065842993,25.152717065306312
43299.0,2022091103,1126,31,22.58,10.89,44.42391919663797,25.57844519049891
43299.0,2022091103,1126,32,22.42,11.23,44.69275080499257,25.959244380381197
43299.0,2022091103,1126,33,22.25,11.58,44.954174977439415,26.32397301582131
43299.0,2022091103,1126,34,22.06,11.95,45.20797781100749,26.690430528447337
43299.0,2022091103,1126,35,21.86,12.33,45.453238621408595,27.122945024205084
43299.0,2022091103,1126,36,21.66,12.73,45.689560635389164,27.55075205046656
43299.0,2022091103,1126,37,21.45,13.15,45.923356875819735,27.897886143874683
43299.0,2022091103,1126,38,21.23,13.58,46.14698900953245,28.202651196044513
43299.0,2022091103,1126,39,20.99,14.03,46.362011888429755,28.538707808870267
43299.0,2022091103,1126,40,20.75,14.49,46.57194685971618,28.906501851125903
43299.0,2022091103,1126,41,20.51,14.98,46.77609835799484,29.241472913804678
43299.0,2022091103,1126,42,20.25,15.48,46.975335351510616,29.55072925928693
43299.0,2022091103,1126,43,19.99,15.99,47.169054517268975,29.86650836946695
43299.0,2022091103,1126,44,19.74,16.52,47.35737551717804,30.18437935622289
43299.0,2022091103,1126,45,19.48,17.04,47.540035849783386,30.48506599262879
43299.0,2022091103,1126,46,19.21,17.58,47.71773601234745,30.764032202371197
43299.0,2022091103,1126,47,18.93,18.11,47.88976998744347,31.038549323703503
43299.0,2022091103,1126,48,18.66,18.65,48.0571515560971,31.316411594569903
43299.0,2022091103,1126,49,18.39,19.19,48.219919324359644,31.59134828867337
43299.0,2022091103,1126,50,18.12,19.73,48.37665093024349,31.82720915465449
43299.0,2022091103,1126,51,17.86,20.28,48.52838316751094,32.06249124999757
43299.0,2022091103,1126,52,17.6,20.81,48.67666026022669,32.306367710322846
43299.0,2022091103,1126,53,17.35,21.34,48.82060567243591,32.54729955332274
43299.0,2022091103,1126,54,17.1,21.86,48.95999186893864,32.78174689871858
43299.0,2022091103,1126,55,16.85,22.38,49.09528931398759,32.99331151847397
43299.0,2022091103,1126,56,16.62,22.89,49.22680320880041,33.19067980805899
43299.0,2022091103,1126,57,16.39,23.39,49.35383478432351,33.38883499636846
43299.0,2022091103,1126,58,16.16,23.89,49.476489793519576,33.601634410706126
43299.0,2022091103,1126,59,15.95,24.37,49.596133544555194,33.80882451074747
43299.0,2022091103,1126,60,15.73,24.85,49.7122404752909,33.99465911898358
43350.0,2022091103,1126,1,44.16,36.51,44.16,36.51
43350.0,2022091103,1126,2,44.3,37.11,43.925997659976595,36.275997659976596
43350.0,2022091103,1126,3,44.46,37.7,43.533747425386814,35.900777545535426
43350.0,2022091103,1126,4,44.62,38.27,43.38726703785813,35.77081637455089
43350.0,2022091103,1126,5,44.8,38.82,43.4791834019787,35.878756378719295
43350.0,2022091103,1126,6,44.98,39.33,43.801677867978434,36.188301809734654
43350.0,2022091103,1126,7,45.16,39.82,44.2011436592071,36.50978336185272
43350.0,2022091103,1126,8,45.34,40.28,44.379349737460466,36.68129646025461
43350.0,2022091103,1126,9,45.5,40.72,44.41156473477946,36.745069645796505
43350.0,2022091103,1126,10,45.64,41.15,44.482553559193974,36.83205433308647
43350.0,2022091103,1126,11,45.74,41.58,44.65775743510744,36.97236691871042
43350.0,2022091103,1126,12,45.82,41.99,44.95154336140955,37.16233437630185
43350.0,2022091103,1126,13,45.84,42.4,45.322128811898196,37.32450860439414
43350.0,2022091103,1126,14,45.82,42.82,45.51854331182419,37.40230059066765
43350.0,2022091103,1126,15,45.75,43.24,45.599668656226335,37.4106481728505
43350.0,2022091103,1126,16,45.62,43.65,45.70386345671467,37.39195592995749
43350.0,2022091103,1126,17,45.43,44.08,45.871637302766906,37.405174275782734
43350.0,2022091103,1126,18,45.18,44.5,46.140897209290834,37.526770627929054
43350.0,2022091103,1126,19,44.88,44.93,46.34768399138292,37.640401280140836
43350.0,2022091103,1126,20,44.53,45.36,46.520255869898996,37.68411236755213
43350.0,2022091103,1126,21,44.12,45.8,46.742767201082835,37.77539440219047
43350.0,2022091103,1126,22,43.66,46.23,46.98684605558204,37.882680444651356
43350.0,2022091103,1126,23,43.16,46.65,47.23473350653922,37.99159979496573
43350.0,2022091103,1126,24,42.62,47.06,47.45580731561499,38.079007207257554
43350.0,2022091103,1126,25,42.03,47.48,47.61003524022202,38.113325842886816
43350.0,2022091103,1126,26,41.42,47.89,47.80287874892705,38.19573757106455
43350.0,2022091103,1126,27,40.8,48.28,48.01265655927536,38.29767395395227
43350.0,2022091103,1126,28,40.16,48.69,48.22428072904215,38.40387621425714
43350.0,2022091103,1126,29,39.52,49.1,48.367326967428895,38.44385539302458
43350.0,2022091103,1126,30,38.89,49.5,48.469744575074124,38.443465569659466
43350.0,2022091103,1126,31,38.27,49.87,48.61970451227708,38.49304610217936
43350.0,2022091103,1126,32,37.67,50.24,48.80206388269074,38.57755908272685
43350.0,2022091103,1126,33,37.15,50.58,48.96195621602103,38.642760765941254
43350.0,2022091103,1126,34,36.65,50.91,49.06924701500099,38.658821399439965
43350.0,2022091103,1126,35,36.24,51.2,49.18396781881543,38.684910887234274
43350.0,2022091103,1126,36,35.89,51.47,49.34018131130379,38.754569452037046
43350.0,2022091103,1126,37,35.6,51.69,49.49304304631306,38.82345560414908
43350.0,2022091103,1126,38,35.36,51.89,49.631136828667394,38.88022507699256
43350.0,2022091103,1126,39,35.17,52.08,49.72145863486795,38.892227933487895
43350.0,2022091103,1126,40,35.02,52.24,49.81587470538701,38.9105864133539
43350.0,2022091103,1126,41,34.91,52.37,49.9330030046392,38.9536076751279
43350.0,2022091103,1126,42,34.83,52.49,50.052442257957814,39.00108758640147
43350.0,2022091103,1126,43,34.76,52.58,50.1585717198538,39.03753566211189
43350.0,2022091103,1126,44,34.72,52.64,50.248016472702595,39.059557619410995
43350.0,2022091103,1126,45,34.69,52.68,50.345985818768554,39.091985301921206
43350.0,2022091103,1126,46,34.68,52.7,50.44786533199469,39.13020279128214
43350.0,2022091103,1126,47,34.68,52.7,50.54141309445174,39.16206423894256
43350.0,2022091103,1126,48,34.7,52.7,50.62209093513192,39.18303703001959
43350.0,2022091103,1126,49,34.72,52.69,50.70063465931263,39.20366091746552
43350.0,2022091103,1126,50,34.74,52.68,50.790441509417654,39.23596447803548
43350.0,2022091103,1126,51,34.77,52.67,50.88045534607121,39.26987412063715
43350.0,2022091103,1126,52,34.81,52.66,50.95226245713916,39.28878946860204
43350.0,2022091103,1126,53,34.84,52.66,51.02301624345122,39.308269460568575
43350.0,2022091103,1126,54,34.86,52.67,51.09733663314785,39.332280724078196
43350.0,2022091103,1126,55,34.89,52.67,51.17356774945852,39.358870771387885
43350.0,2022091103,1126,56,34.92,52.7,51.242760807006924,39.38030719901529
43350.0,2022091103,1126,57,34.95,52.73,51.30702323762962,39.39846237139868
43350.0,2022091103,1126,58,34.96,52.78,51.370729444925246,39.4173200483896
43350.0,2022091103,1126,59,34.99,52.83,51.436740130042004,39.439513969501235
43350.0,2022091103,1126,60,35.01,52.87,51.50122799500566,39.46147422646237
43641.0,2022091103,1126,1,33.07,9.24,33.07,9.24
43641.0,2022091103,1126,2,32.48,9.19,33.161636548064315,9.4740023400234
43641.0,2022091103,1126,3,31.9,9.18,33.32664223079356,9.934986949869499
43641.0,2022091103,1126,4,31.33,9.21,33.56968001273733,10.616144361443615
43641.0,2022091103,1126,5,30.78,9.29,33.922365684614235,11.510869390693907
43641.0,2022091103,1126,6,30.26,9.41,34.498473126358235,12.61275500909009
43641.0,2022091103,1126,7,29.75,9.58,35.18523554054238,13.680971894871632
43641.0,2022091103,1126,8,29.26,9.79,35.761481680928576,14.554804688898061
43641.0,2022091103,1126,9,28.78,10.05,36.22170263641249,15.276676268723035
43641.0,2022091103,1126,10,28.33,10.35,36.59613710652837,15.885222699205759
43641.0,2022091103,1126,11,27.9,10.69,37.09690095899504,16.697786103057524
43641.0,2022091103,1126,12,27.48,11.07,37.64524172428583,17.573649410085228
43641.0,2022091103,1126,13,27.07,11.47,38.02171594599659,18.1892344778787
43641.0,2022091103,1126,14,26.68,11.91,38.41818016908386,18.659286938163053
43641.0,2022091103,1126,15,26.32,12.38,38.85876841380119,19.15689111340815
43641.0,2022091103,1126,16,25.96,12.88,39.28928071271252,19.873569503419294
43641.0,2022091103,1126,17,25.62,13.4,39.6890103107941,20.603008666830405
43641.0,2022091103,1126,18,25.3,13.93,40.04190441955418,21.076562315315783
43641.0,2022091103,1126,19,24.98,14.47,40.429646253808144,21.588849938256264
43641.0,2022091103,1126,20,24.68,15.03,40.8486215639728,22.172624021281997
43641.0,2022091103,1126,21,24.38,15.59,41.272061148925765,22.786355073701564
43641.0,2022091103,1126,22,24.1,16.16,41.66981406530277,23.357027306774963
43641.0,2022091103,1126,23,23.81,16.75,42.025014308412224,23.841265578961035
43641.0,2022091103,1126,24,23.54,17.35,42.353882369381644,24.27409195735674
43641.0,2022091103,1126,25,23.28,17.96,42.7118273774971,24.782223467194147
43641.0,2022091103,1126,26,23.03,18.58,43.06139135173075,25.297774715485144
43641.0,2022091103,1126,27,22.78,19.22,43.37299686500336,25.743195495273373
43641.0,2022091103,1126,28,22.53,19.87,43.65522745895368,26.135403645929557
43641.0,2022091103,1126,29,22.28,20.54,43.94425826691856,26.546224678581613
43641.0,2022091103,1126,30,22.04,21.23,44.24820961907286,26.98901149625662
43641.0,2022091103,1126,31,21.8,21.95,44.53119211261515,27.396330239587357
43641.0,2022091103,1126,32,21.55,22.69,44.783597294016275,27.74853627376911
43641.0,2022091103,1126,33,21.31,23.45,45.04547830012143,28.122998568597488
43641.0,2022091103,1126,34,21.06,24.22,45.31087600400677,28.507521653512505
43641.0,2022091103,1126,35,20.83,25.01,45.564572091357455,28.873378614945977
43641.0,2022091103,1126,36,20.59,25.81,45.79957202956475,29.207781107934167
43641.0,2022091103,1126,37,20.35,26.64,46.023357210737814,29.524483170661863
43641.0,2022091103,1126,38,20.12,27.48,46.24435759359379,29.83779932881884
43641.0,2022091103,1126,39,19.89,28.34,46.4655809644792,30.155664663683325
43641.0,2022091103,1126,40,19.65,29.21,46.67929024460673,30.462568453036173
43641.0,2022091103,1126,41,19.43,30.08,46.88162005182438,30.749996870639727
43641.0,2022091103,1126,42,19.2,30.97,47.07646259043948,31.026242982952187
43641.0,2022091103,1126,43,18.97,31.87,47.266064199406706,31.29523684544264
43641.0,2022091103,1126,44,18.75,32.77,47.45321785154913,31.561112711351598
43641.0,2022091103,1126,45,18.52,33.68,47.63591418507897,31.820381850784972
43641.0,2022091103,1126,46,18.29,34.58,47.812907551453556,32.07134102133008
43641.0,2022091103,1126,47,18.06,35.49,47.981922468605966,32.311209787322944
43641.0,2022091103,1126,48,17.82,36.4,48.14472275434958,32.54229054363154
43641.0,2022091103,1126,49,17.57,37.32,48.303263963854974,32.76726348831673
43641.0,2022091103,1126,50,17.31,38.23,48.45951372255549,32.98796666529034
43641.0,2022091103,1126,51,17.06,39.13,48.612868905180854,33.20384506754802
43641.0,2022091103,1126,52,16.79,40.03,48.757860239711576,33.40866585681798
43641.0,2022091103,1126,53,16.53,40.93,48.89727920769582,33.60599408103332
43641.0,2022091103,1126,54,16.25,41.81,49.036292464085655,33.80208149492472
43641.0,2022091103,1126,55,15.98,42.68,49.17311446355421,33.99488563928671
43641.0,2022091103,1126,56,15.72,43.54,49.30317341892925,34.178165597272894
43641.0,2022091103,1126,57,15.45,44.38,49.427294548705945,34.353066748532946
43641.0,2022091103,1126,58,15.19,45.2,49.551142566489304,34.527556218804165
43641.0,2022091103,1126,59,14.94,46.0,49.67134257750266,34.69693099598224
43641.0,2022091103,1126,60,14.68,46.76,49.78604059799776,34.858553191540096
44872.0,2022091103,1126,1,37.7,34.34,37.7,34.34
44872.0,2022091103,1126,2,37.59,34.74,37.66801657520432,34.205627839404144
44872.0,2022091103,1126,3,37.52,35.18,37.61367673647645,33.97732953855178
44872.0,2022091103,1126,4,37.48,35.66,37.58404038540605,33.82765652371631
44872.0,2022091103,1126,5,37.49,36.16,37.757824959818606,33.9164760393493
44872.0,2022091103,1126,6,37.54,36.7,38.16039833702219,34.2366333095367
44872.0,2022091103,1126,7,37.61,37.26,38.73124530626631,34.66475964242657
44872.0,2022091103,1126,8,37.7,37.83,39.11876874549648,34.91020222124571
44872.0,2022091103,1126,9,37.81,38.43,39.355588507369966,34.91427918267688
44872.0,2022091103,1126,10,37.93,39.04,39.760606692832184,35.13360059196819
44872.0,2022091103,1126,11,38.05,39.67,40.281270231718885,35.5033447246173
44872.0,2022091103,1126,12,38.16,40.31,40.57841738702463,35.62799419326353
44872.0,2022091103,1126,13,38.25,40.96,40.95325819728484,35.7218117361058
44872.0,2022091103,1126,14,38.33,41.61,41.379991065985585,35.793064362631
44872.0,2022091103,1126,15,38.39,42.27,41.736555030291996,35.880124734623465
44872.0,2022091103,1126,16,38.42,42.93,42.05175426424587,35.984413550113146
44872.0,2022091103,1126,17,38.42,43.6,42.38937974518356,36.099882554598565
44872.0,2022091103,1126,18,38.39,44.26,42.74011860299089,36.22231864312208
44872.0,2022091103,1126,19,38.33,44.92,43.07482443458184,36.338608355562364
44872.0,2022091103,1126,20,38.26,45.56,43.36859655675958,36.43754469928904
44872.0,2022091103,1126,21,38.17,46.19,43.646070012963904,36.530153433129755
44872.0,2022091103,1126,22,38.08,46.8,43.93225854239431,36.62763119193215
44872.0,2022091103,1126,23,37.99,47.38,44.22756215387847,36.73012877096489
44872.0,2022091103,1126,24,37.91,47.92,44.526910494973954,36.83534271015957
44872.0,2022091103,1126,25,37.84,48.41,44.7942628126428,36.92707076156198
44872.0,2022091103,1126,26,37.78,48.84,45.036816207923316,37.00851678807193
44872.0,2022091103,1126,27,37.73,49.2,45.28245849741202,37.098146872053235
44872.0,2022091103,1126,28,37.67,49.51,45.53940188302802,37.19667138979163
44872.0,2022091103,1126,29,37.61,49.76,45.7873631270995,37.29098442792271
44872.0,2022091103,1126,30,37.54,49.95,46.00705563315194,37.364493559615184
44872.0,2022091103,1126,31,37.43,50.1,46.21891238279894,37.43303250567902
44872.0,2022091103,1126,32,37.31,50.24,46.43896826021995,37.5128391488515
44872.0,2022091103,1126,33,37.18,50.33,46.661063477764586,37.60003124470869
44872.0,2022091103,1126,34,37.05,50.4,46.87135857520618,37.67881740968136
44872.0,2022091103,1126,35,36.91,50.44,47.06359823803121,37.74547195881676
44872.0,2022091103,1126,36,36.78,50.47,47.25137365064228,37.812618507506464
44872.0,2022091103,1126,37,36.65,50.5,47.447057784174355,37.88640830850869
44872.0,2022091103,1126,38,36.53,50.54,47.6325329761112,37.95427122723304
44872.0,2022091103,1126,39,36.43,50.57,47.803384098504786,38.01516698578731
44872.0,2022091103,1126,40,36.34,50.62,47.967917172609916,38.07356516407839
44872.0,2022091103,1126,41,36.27,50.67,48.13028968630343,38.131971202864015
44872.0,2022091103,1126,42,36.24,50.73,48.29356213035877,38.1926376062598
44872.0,2022091103,1126,43,36.24,50.82,48.454932293739766,38.25148366760025
44872.0,2022091103,1126,44,36.25,50.9,48.60413980810549,38.30538913113533
44872.0,2022091103,1126,45,36.27,50.99,48.74696148454181,38.35808327611581
44872.0,2022091103,1126,46,36.3,51.08,48.896298280478526,38.412441439370575
44872.0,2022091103,1126,47,36.34,51.17,49.03626096395499,38.46291793899711
44872.0,2022091103,1126,48,36.38,51.26,49.16606712817295,38.510401326795005
44872.0,2022091103,1126,49,36.41,51.34,49.29608732018235,38.55782329721045
44872.0,2022091103,1126,50,36.43,51.39,49.425201793502886,38.60481629693276
44872.0,2022091103,1126,51,36.43,51.44,49.545497143516585,38.648758551971525
44872.0,2022091103,1126,52,36.42,51.48,49.6601082692211,38.690693944118806
44872.0,2022091103,1126,53,36.4,51.51,49.770606085412545,38.73114732095614
44872.0,2022091103,1126,54,36.37,51.52,49.881661870725196,38.77167210636408
44872.0,2022091103,1126,55,36.34,51.53,49.99357608507511,38.81237140310983
44872.0,2022091103,1126,56,36.3,51.53,50.101120838020094,38.85151393285499
44872.0,2022091103,1126,57,36.27,51.53,50.20174111533107,38.888255164822496
44872.0,2022091103,1126,58,36.26,51.53,50.29792056573667,38.92342227488005
44872.0,2022091103,1126,59,36.26,51.52,50.39579762441672,38.9590549851868
44872.0,2022091103,1126,60,36.26,51.51,50.48948097545967,38.99299385896067
46123.0,2022091103,1126,1,23.98,18.49,23.98,18.49
46123.0,2022091103,1126,2,23.79,18.54,24.2140023400234,18.724002340023397
46123.0,2022091103,1126,3,23.63,18.67,24.674986949869496,19.184986949869494
46123.0,2022091103,1126,4,23.51,18.86,25.33102265918107,19.772681346432037
46123.0,2022091103,1126,5,23.41,19.12,26.11965128214096,20.445198079031325
46123.0,2022091103,1126,6,23.35,19.44,26.995628781424323,21.172227669076246
46123.0,2022091103,1126,7,23.31,19.82,27.795062089038403,21.843627102615123
46123.0,2022091103,1126,8,23.3,20.24,28.438769012097513,22.40624480823397
46123.0,2022091103,1126,9,23.31,20.72,29.066840661274558,22.868444197040393
46123.0,2022091103,1126,10,23.33,21.22,29.852259414469668,23.495708114457074
46123.0,2022091103,1126,11,23.37,21.75,30.558056299490925,24.145737898282345
46123.0,2022091103,1126,12,23.43,22.3,31.14238535333847,24.690445027692217
46123.0,2022091103,1126,13,23.49,22.88,31.777192455791944,25.000336723265285
46123.0,2022091103,1126,14,23.56,23.47,32.43006250121965,25.340872987564158
46123.0,2022091103,1126,15,23.61,24.08,33.080294826425245,25.74729463525655
46123.0,2022091103,1126,16,23.67,24.71,33.72337555172626,26.197001606112273
46123.0,2022091103,1126,17,23.73,25.34,34.33325437552283,26.656542316959083
46123.0,2022091103,1126,18,23.79,25.99,34.90318423051471,27.09089341865112
46123.0,2022091103,1126,19,23.84,26.65,35.4395438799621,27.46807584500301
46123.0,2022091103,1126,20,23.88,27.33,35.958755634170075,27.805312857785008
46123.0,2022091103,1126,21,23.91,28.02,36.4729247664663,28.136652844706326
46123.0,2022091103,1126,22,23.92,28.73,36.97554448113606,28.502130837876738
46123.0,2022091103,1126,23,23.93,29.45,37.482292071929976,28.880567933697876
46123.0,2022091103,1126,24,23.93,30.2,37.98108549434296,29.22090204334107
46123.0,2022091103,1126,25,23.93,30.96,38.42826523320285,29.530092287148975
46123.0,2022091103,1126,26,23.92,31.72,38.85474562228214,29.85290338837435
46123.0,2022091103,1126,27,23.91,32.5,39.29867622413556,30.177581159794535
46123.0,2022091103,1126,28,23.89,33.28,39.74568813412307,30.49554430950895
46123.0,2022091103,1126,29,23.86,34.07,40.157096486890765,30.783297593598938
46123.0,2022091103,1126,30,23.83,34.86,40.5399837463336,31.047349141210276
46123.0,2022091103,1126,31,23.8,35.65,40.93768575508652,31.32798599638067
46123.0,2022091103,1126,32,23.76,36.43,41.32701153623078,31.603520708661573
46123.0,2022091103,1126,33,23.72,37.21,41.68598490754218,31.853391120251885
46123.0,2022091103,1126,34,23.69,37.98,42.02384201984764,32.08612320266437
46123.0,2022091103,1126,35,23.64,38.75,42.37959879710398,32.337987515861734
46123.0,2022091103,1126,36,23.58,39.5,42.73796969008944,32.5946707688204
46123.0,2022091103,1126,37,23.5,40.26,43.071289105588015,32.830337477648314
46123.0,2022091103,1126,38,23.42,40.99,43.367822196431746,33.03398481905707
46123.0,2022091103,1126,39,23.33,41.71,43.672643739678065,33.24752141045543
46123.0,2022091103,1126,40,23.24,42.42,43.97905385693957,33.464647806188566
46123.0,2022091103,1126,41,23.14,43.09,44.2556095519435,33.65602195570385
46123.0,2022091103,1126,42,23.04,43.74,44.532167735124936,33.8493836901754
46123.0,2022091103,1126,43,22.92,44.37,44.806479259742076,34.04257887469581
46123.0,2022091103,1126,44,22.78,44.97,45.06792257732922,34.22565814247573
46123.0,2022091103,1126,45,22.64,45.54,45.31493236277587,34.397107705310944
46123.0,2022091103,1126,46,22.47,46.1,45.55427030463216,34.56317020594087
46123.0,2022091103,1126,47,22.3,46.63,45.79281075060856,34.730194834612064
46123.0,2022091103,1126,48,22.12,47.15,46.02713873915721,34.8949501743359
46123.0,2022091103,1126,49,21.92,47.66,46.251860336622386,35.051752670741344
46123.0,2022091103,1126,50,21.67,48.14,46.466385804629674,35.20049830936702
46123.0,2022091103,1126,51,21.43,48.56,46.67477939446558,35.34568579689086
46123.0,2022091103,1126,52,21.18,48.96,46.87929175473715,35.48848307268854
46123.0,2022091103,1126,53,20.92,49.33,47.07956891396721,35.62812641982093
46123.0,2022091103,1126,54,20.65,49.67,47.27266742742647,35.76274013599567
46123.0,2022091103,1126,55,20.37,49.97,47.45892876713267,35.89261056910984
46123.0,2022091103,1126,56,20.09,50.24,47.63943094493521,36.01805144538722
46123.0,2022091103,1126,57,19.83,50.47,47.81529942181566,36.140403109955614
46123.0,2022091103,1126,58,19.59,50.74,47.98644196469577,36.25951250203995
46123.0,2022091103,1126,59,19.36,50.98,48.152366063116865,36.37490903850811
46123.0,2022091103,1126,60,19.14,51.2,48.31212249637216,36.485813398624984
39984.0,2022091104,580,1,60.15,41.6,60.15,41.6
39984.0,2022091104,580,2,60.19,41.54,60.11399963999639,41.563999639996396
39984.0,2022091104,580,3,60.2,41.47,60.115079650796496,41.4930789307893
39984.0,2022091104,580,4,60.21,41.42,60.1521276212762,41.38828548285482
39984.0,2022091104,580,5,60.2,41.37,60.224064512645114,41.25063547835477
39984.0,2022091104,580,6,60.18,41.34,60.329843657276555,41.08111461398613
43351.0,2022091104,580,1,57.07,11.47,57.07,11.47
43351.0,2022091104,580,2,56.87,11.61,57.1060003600036,11.5060003600036
43351.0,2022091104,580,3,56.68,11.77,57.17692106921069,11.576921069210693
43351.0,2022091104,580,4,56.51,11.95,57.28171451714517,11.681714517145172
43351.0,2022091104,580,5,56.35,12.13,57.419364521645214,11.819364521645218
43351.0,2022091104,580,6,56.22,12.32,57.588128635122935,11.98888538601386
46194.0,2022091104,580,1,72.87,26.57,72.87,26.57
46194.0,2022091104,580,2,72.87,27.04,72.8339996399964,26.6060003600036
46194.0,2022091104,580,3,72.83,27.54,72.7630789307893,26.67692106921069
46194.0,2022091104,580,4,72.75,28.06,72.68516679324715,26.78171451714517
46194.0,2022091104,580,5,72.64,28.6,72.62602846043215,26.919364521645214
46194.0,2022091104,580,6,72.51,29.15,72.5864436662659,27.088885386013857
47888.0,2022091104,580,1,52.37,28.88,52.37,28.88
47888.0,2022091104,580,2,52.72,29.33,52.406000360003596,28.856701228853037
47888.0,2022091104,580,3,53.1,29.76,52.47692106921068,28.870101780844088
47888.0,2022091104,580,4,53.51,30.16,52.581714517145166,28.919100676279005
47888.0,2022091104,580,5,53.93,30.54,52.71936452164521,29.002629964854474
47888.0,2022091104,580,6,54.36,30.89,52.888885386013854,29.11965373477628
47974.0,2022091104,580,1,71.09,35.92,71.09,35.92
47974.0,2022091104,580,2,71.4,35.96,71.0921871483765,35.88926620373864
47974.0,2022091104,580,3,71.64,35.98,71.09590311346814,35.837049483890596
47974.0,2022091104,580,4,71.8,35.97,71.10026229710402,35.77579426080133
47974.0,2022091104,580,5,71.91,35.95,71.10088456456499,35.752377054408335
47974.0,2022091104,580,6,71.98,35.92,71.09885928745673,35.755906626649754
40039.0,2022091111,1946,1,66.88,35.16,66.88,35.16
40039.0,2022091111,1946,2,67.06,34.75,66.71622973688508,35.07390307339832
40039.0,2022091111,1946,3,67.25,34.33,66.79737498168762,34.75038665457069
40039.0,2022091111,1946,4,67.44,33.86,67.11608826917009,34.24732208615331
40039.0,2022091111,1946,5,67.64,33.38,67.66524255805207,33.78373291234288
40039.0,2022091111,1946,6,67.82,32.87,68.36899988349106,33.37928297965436
40039.0,2022091111,1946,7,68.0,32.34,68.87036625035148,32.98550964783471
40039.0,2022091111,1946,8,68.18,31.8,69.23762460872898,32.6129106318176
40039.0,2022091111,1946,9,68.34,31.24,69.75334726911554,32.25909549612652
40039.0,2022091111,1946,10,68.49,30.66,70.36866748703271,31.922527535767014
40039.0,2022091111,1946,11,68.65,30.07,70.96686141724604,31.601490379054795
40039.0,2022091111,1946,12,68.79,29.47,71.48103947784688,31.28887116057512
40039.0,2022091111,1946,13,68.93,28.85,71.8756152849784,30.973143439704824
40039.0,2022091111,1946,14,69.06,28.23,72.21443061481364,30.662345901077803
40039.0,2022091111,1946,15,69.18,27.59,72.74456526725261,30.38477708638759
40039.0,2022091111,1946,16,69.29,26.95,73.33581219176355,30.123947181360787
40039.0,2022091111,1946,17,69.39,26.3,73.66931930851517,29.832717548294546
40039.0,2022091111,1946,18,69.5,25.65,73.95172285625021,29.56804149921832
40039.0,2022091111,1946,19,69.59,25.0,74.38543995208163,29.329277655345575
40039.0,2022091111,1946,20,69.67,24.34,74.8678260876055,29.097060352107007
40039.0,2022091111,1946,21,69.74,23.68,75.29241558268583,28.860837070288184
40039.0,2022091111,1946,22,69.8,23.02,75.60433856059316,28.623540246257313
40039.0,2022091111,1946,23,69.85,22.35,75.86214802210478,28.40610790522521
40039.0,2022091111,1946,24,69.9,21.68,76.20534710838031,28.18539985810923
40039.0,2022091111,1946,25,69.92,21.0,76.59650661081281,27.964107641904295
40039.0,2022091111,1946,26,69.92,20.31,76.84355737228114,27.781768844585788
40039.0,2022091111,1946,27,69.89,19.61,77.05294476590315,27.61732070212377
40039.0,2022091111,1946,28,69.84,18.9,77.39776004113081,27.39388161255571
40039.0,2022091111,1946,29,69.75,18.18,77.74203044058062,27.175787395615433
40039.0,2022091111,1946,30,69.62,17.46,77.91266405701141,27.033443310471565
40039.0,2022091111,1946,31,69.46,16.73,78.02394911897099,26.916597215314518
40039.0,2022091111,1946,32,69.26,16.0,78.31438506813933,26.73119080033604
40039.0,2022091111,1946,33,69.02,15.27,78.65783272260133,26.534742920088366
40039.0,2022091111,1946,34,68.75,14.55,78.90866942151906,26.361305518668818
40039.0,2022091111,1946,35,68.46,13.84,79.07474184802972,26.211706342488032
40039.0,2022091111,1946,36,68.14,13.14,79.19643098859605,26.080968068430856
40039.0,2022091111,1946,37,67.82,12.45,79.5235199126564,25.921464520577487
40039.0,2022091111,1946,38,67.48,11.78,79.7290001154534,25.769351962133406
40039.0,2022091111,1946,39,67.14,11.14,79.84429342166885,25.635783017953813
40039.0,2022091111,1946,40,66.8,10.51,79.96172408795823,25.51049763756936
40039.0,2022091111,1946,41,66.46,9.91,80.21178697889212,25.376705588332808
40039.0,2022091111,1946,42,66.14,9.34,80.46652859532949,25.247343524375307
40039.0,2022091111,1946,43,65.83,8.79,80.55813722235882,25.142308433664844
47810.0,2022091111,1946,1,68.87,22.63,68.87,22.63
47810.0,2022091111,1946,2,69.32,22.22,68.72715701645463,22.815243150779068
47810.0,2022091111,1946,3,69.76,21.76,68.82860172243963,22.97791570042783
47810.0,2022091111,1946,4,70.21,21.29,69.16700548726908,22.984677398184846
47810.0,2022091111,1946,5,70.64,20.8,69.68642582365149,22.879474348683114
47810.0,2022091111,1946,6,71.06,20.29,70.28550475816158,22.7844361782984
47810.0,2022091111,1946,7,71.47,19.77,70.76087820914621,22.73360251151837
47810.0,2022091111,1946,8,71.86,19.22,71.14491101540898,22.71444045308325
47810.0,2022091111,1946,9,72.24,18.65,71.55471578239856,22.68126758460693
47810.0,2022091111,1946,10,72.61,18.06,72.07262858246564,22.601999316345196
47810.0,2022091111,1946,11,72.96,17.45,72.63893928513775,22.50010331799675
47810.0,2022091111,1946,12,73.29,16.82,73.10279722004732,22.43468987264672
47810.0,2022091111,1946,13,73.6,16.17,73.41172313573298,22.42639181467581
47810.0,2022091111,1946,14,73.89,15.51,73.73745114152764,22.408146492885447
47810.0,2022091111,1946,15,74.17,14.84,74.19821717854869,22.3338118327985
47810.0,2022091111,1946,16,74.42,14.17,74.62790019033518,22.27038443532273
47810.0,2022091111,1946,17,74.64,13.51,74.91198857221454,22.262919497564734
47810.0,2022091111,1946,18,74.82,12.85,75.1990051418476,22.247966605721206
47810.0,2022091111,1946,19,74.99,12.19,75.54358194994298,22.2067919336758
47810.0,2022091111,1946,20,75.12,11.53,75.89867249093888,22.163579689728998
47810.0,2022091111,1946,21,75.22,10.88,76.21954775764142,22.139869393216316
47810.0,2022091111,1946,22,75.28,10.23,76.50325172271725,22.131153857446698
47810.0,2022091111,1946,23,75.29,9.58,76.77948552521303,22.117599340614266
47810.0,2022091111,1946,24,75.26,8.92,77.05240216387529,22.098588291396897
47810.0,2022091111,1946,25,75.17,8.26,77.3223978493144,22.07552352361071
47810.0,2022091111,1946,26,75.04,7.6,77.58860034467207,22.055021930270296
47810.0,2022091111,1946,27,74.85,6.93,77.8473904297694,22.04700843272607
47810.0,2022091111,1946,28,74.61,6.27,78.09883501380749,22.047890792097235
47810.0,2022091111,1946,29,74.32,5.62,78.34515416801402,22.02898432966424
47810.0,2022091111,1946,30,73.99,4.97,78.58145420203655,22.013955345840373
47810.0,2022091111,1946,31,73.6,4.34,78.80874829632678,22.00179042910387
47810.0,2022091111,1946,32,73.18,3.74,79.03006785911417,21.99257922584109
47810.0,2022091111,1946,33,72.72,3.17,79.24534568092916,21.98156325675038
47810.0,2022091111,1946,34,72.23,2.63,79.45479707049255,21.96947013444742
47810.0,2022091111,1946,35,71.71,2.13,79.65719345188653,21.959852583497316
47810.0,2022091111,1946,36,71.17,1.66,79.8532012271796,21.95143354229156
47810.0,2022091111,1946,37,70.61,1.23,80.04418817709879,21.94057827483828
47810.0,2022091111,1946,38,70.05,0.83,80.2292496247235,21.930764142025733
47810.0,2022091111,1946,39,69.49,0.47,80.40827283599334,21.922747188011655
47810.0,2022091111,1946,40,68.93,0.11,80.58200902845608,21.91479313452669
47810.0,2022091111,1946,41,68.39,-0.23,80.75105026948374,21.90571707077824
47810.0,2022091111,1946,42,67.84,-0.55,80.91472647142574,21.897072346255225
47810.0,2022091111,1946,43,67.33,-0.87,81.07338239547609,21.88935277758285
47817.0,2022091111,1946,1,69.21,41.88,69.21,41.88
47817.0,2022091111,1946,2,68.99,41.33,69.1555468717986,41.74043389900219
47817.0,2022091111,1946,3,68.8,40.76,69.34272973746725,41.365052381010315
47817.0,2022091111,1946,4,68.63,40.17,69.76429951718984,40.760929908534195
47817.0,2022091111,1946,5,68.49,39.57,70.35439951951086,40.00625580244322
47817.0,2022091111,1946,6,68.37,38.95,70.86205036401054,39.437006842856796
47817.0,2022091111,1946,7,68.27,38.34,71.29997162562077,39.003879811173356
47817.0,2022091111,1946,8,68.17,37.71,71.71837836049713,38.567485968036074
47817.0,2022091111,1946,9,68.08,37.07,72.13806985277053,38.09648872866932
47817.0,2022091111,1946,10,67.99,36.42,72.63138802262446,37.46850786232882
47817.0,2022091111,1946,11,67.9,35.76,73.10327524002031,36.84998770239109
47817.0,2022091111,1946,12,67.81,35.1,73.52315068767393,36.34873811371298
47817.0,2022091111,1946,13,67.72,34.44,73.89373904796828,35.97553658763595
47817.0,2022091111,1946,14,67.62,33.76,74.27836980842969,35.52827387114957
47817.0,2022091111,1946,15,67.49,33.07,74.66679900247722,35.032395973913474
47817.0,2022091111,1946,16,67.34,32.37,75.01786331113811,34.61828046626995
47817.0,2022091111,1946,17,67.16,31.67,75.33891958308106,34.26562677875975
47817.0,2022091111,1946,18,66.98,30.96,75.66559645054897,33.86367890799585
47817.0,2022091111,1946,19,66.8,30.25,75.99207341981892,33.46175336654583
47817.0,2022091111,1946,20,66.6,29.55,76.29918589772218,33.10016728442174
47817.0,2022091111,1946,21,66.4,28.84,76.59010833839997,32.77004613901845
47817.0,2022091111,1946,22,66.19,28.16,76.88247542770029,32.419767498980946
47817.0,2022091111,1946,23,66.0,27.47,77.16978554302806,32.069021533499765
47817.0,2022091111,1946,24,65.82,26.8,77.44443578831213,31.740738583071032
47817.0,2022091111,1946,25,65.64,26.13,77.70394461248434,31.442700577624585
47817.0,2022091111,1946,26,65.46,25.46,77.95063667680517,31.168472729107737
47817.0,2022091111,1946,27,65.29,24.8,78.19571539654243,30.895506255815924
47817.0,2022091111,1946,28,65.12,24.15,78.43855962034897,30.61433911489341
47817.0,2022091111,1946,29,64.95,23.51,78.67784944150847,30.3296589247249
47817.0,2022091111,1946,30,64.79,22.89,78.90711378336117,30.059814911285063
47817.0,2022091111,1946,31,64.63,22.27,79.12621820672986,29.80685892207965
47817.0,2022091111,1946,32,64.46,21.68,79.33635692797897,29.567901493643358
47817.0,2022091111,1946,33,64.28,21.11,79.54310501257129,29.328307226163805
47817.0,2022091111,1946,34,64.1,20.56,79.74545034471677,29.091079275826765
47817.0,2022091111,1946,35,63.89,20.04,79.93894464343188,28.868417806270386
47817.0,2022091111,1946,36,63.66,19.54,80.12484314994715,28.657234311760266
47817.0,2022091111,1946,37,63.42,19.07,80.3067782572984,28.448063478945237
47817.0,2022091111,1946,38,63.16,18.61,80.48586220105702,28.23818370937417
47817.0,2022091111,1946,39,62.9,18.17,80.65821787873338,28.038232487479867
47817.0,2022091111,1946,40,62.62,17.75,80.8239454259129,27.848184452319884
47817.0,2022091111,1946,41,62.33,17.34,80.9849834819763,27.66308145980774
47817.0,2022091111,1946,42,62.04,16.93,81.14242465224329,27.480224888765726
47817.0,2022091111,1946,43,61.74,16.54,81.29541180678449,27.302132755018338
52547.0,2022091111,1946,1,78.04,15.65,78.04,15.65
52547.0,2022091111,1946,2,78.39,15.83,77.79999759997601,15.890002400024
52547.0,2022091111,1946,3,78.67,15.96,77.76287302850871,16.300320032701137
52547.0,2022091111,1946,4,78.91,16.04,77.96686459420943,16.664334111959224
52547.0,2022091111,1946,5,79.09,16.06,78.35273926147019,16.777425368815567
52547.0,2022091111,1946,6,79.21,16.02,78.79538141202296,16.72371128408341
52547.0,2022091111,1946,7,79.29,15.92,79.12666981660007,16.817829910541704
52547.0,2022091111,1946,8,79.31,15.74,79.36015720664494,17.02114607849123
52547.0,2022091111,1946,9,79.3,15.51,79.51999767322391,17.29168781035791
52547.0,2022091111,1946,10,79.25,15.21,79.63826429195218,17.57093928377702
52547.0,2022091111,1946,11,79.18,14.85,79.86900930379754,17.60733852652513
52547.0,2022091111,1946,12,79.1,14.44,80.13211169381341,17.705691150654406
52547.0,2022091111,1946,13,79.01,13.98,80.30271457782307,17.959575534287634
52547.0,2022091111,1946,14,78.93,13.48,80.4317449283366,18.25112259076785
52547.0,2022091111,1946,15,78.87,12.96,80.62981011694035,18.29392083552966
52547.0,2022091111,1946,16,78.83,12.4,80.8610042705463,18.217968659903967
52547.0,2022091111,1946,17,78.8,11.84,80.9999742954966,18.384297449571044
52547.0,2022091111,1946,18,78.81,11.26,81.12878719109565,18.6786727431236
52547.0,2022091111,1946,19,78.84,10.66,81.30716483585509,18.724214377845577
52547.0,2022091111,1946,20,78.87,10.03,81.49064846736528,18.63427396725387
52547.0,2022091111,1946,21,78.94,9.39,81.62482664771903,18.725239830261504
52547.0,2022091111,1946,22,79.03,8.76,81.7322523059989,18.934474530865074
52547.0,2022091111,1946,23,79.16,8.11,81.86097438791553,19.03360217828264
52547.0,2022091111,1946,24,79.29,7.49,82.00567599865977,19.031684451350337
52547.0,2022091111,1946,25,79.42,6.89,82.1337509146662,19.076198792367887
52547.0,2022091111,1946,26,79.52,6.33,82.24171645763023,19.18212545865436
52547.0,2022091111,1946,27,79.66,5.77,82.34996775280175,19.287384006724697
52547.0,2022091111,1946,28,79.7,5.38,82.469914505894,19.344386657608805
52547.0,2022091111,1946,29,79.8,4.99,82.59288803468658,19.381049174040058
52547.0,2022091111,1946,30,79.88,4.66,82.69123483116526,19.449846853026553
52547.0,2022091111,1946,31,79.93,4.37,82.78333033371491,19.53930114589512
52547.0,2022091111,1946,32,79.96,4.14,82.89001471326871,19.600060694141256
52547.0,2022091111,1946,33,79.98,3.94,83.00601841813366,19.640099016561607
52547.0,2022091111,1946,34,79.98,3.77,83.10891656337513,19.692351230178208
52547.0,2022091111,1946,35,79.99,3.67,83.19987151947406,19.75535192768699
52547.0,2022091111,1946,36,79.93,3.6,83.29330529792523,19.808559238439333
52547.0,2022091111,1946,37,79.86,3.55,83.3843597580983,19.857907433947467
52547.0,2022091111,1946,38,79.77,3.52,83.4724548430011,19.909657663348103
52547.0,2022091111,1946,39,79.68,3.49,83.55580821854518,19.963475083810533
52547.0,2022091111,1946,40,79.57,3.49,83.63370709440527,20.015645323181197
52547.0,2022091111,1946,41,79.43,3.49,83.70863752508113,20.064863787207457
52547.0,2022091111,1946,42,79.29,3.5,83.78138988690357,20.11140530007825
52547.0,2022091111,1946,43,79.13,3.51,83.85469626532254,20.156084243276727
53596.0,2022091111,1946,1,95.47,27.01,95.47,27.01
53596.0,2022091111,1946,2,95.91,26.78,95.22999759997599,26.912804967765087
53596.0,2022091111,1946,3,96.34,26.5,94.82223352233521,26.74767060799797
53596.0,2022091111,1946,4,96.73,26.18,94.5235607891956,26.62671554287241
53596.0,2022091111,1946,5,97.1,25.81,94.30445802781352,26.537984347046205
53596.0,2022091111,1946,6,97.45,25.43,94.13077969842428,26.36513688757647
53596.0,2022091111,1946,7,97.78,25.03,93.79901456224789,26.221236310714133
53596.0,2022091111,1946,8,98.07,24.61,93.40252915024547,26.126597798282592
53596.0,2022091111,1946,9,98.33,24.21,93.15047405644121,26.009207042930846
53596.0,2022091111,1946,10,98.57,23.83,93.03182835814319,25.847633720473944
53596.0,2022091111,1946,11,98.81,23.46,92.8667282955244,25.70318641151198
53596.0,2022091111,1946,12,99.01,23.08,92.54157871806879,25.612684648153195
53596.0,2022091111,1946,13,99.2,22.72,92.28963672560066,25.510744854065535
53596.0,2022091111,1946,14,99.26,22.53,92.17606051690835,25.36064086073234
53596.0,2022091111,1946,15,99.33,22.3,91.99365648768446,25.23979310746474
53596.0,2022091111,1946,16,99.4,22.1,91.76406518648567,25.140615811468802
53596.0,2022091111,1946,17,99.44,21.92,91.56441306917627,25.03651469483332
53596.0,2022091111,1946,18,99.46,21.76,91.46021682182436,24.90487880081623
53596.0,2022091111,1946,19,99.45,21.59,91.32240690670345,24.789781687829922
53596.0,2022091111,1946,20,99.46,21.43,91.13196099870288,24.701343981302756
53596.0,2022091111,1946,21,99.48,21.27,90.92939797465257,24.62224102843263
53596.0,2022091111,1946,22,99.52,21.09,90.7498315280669,24.539228371607855
53596.0,2022091111,1946,23,99.57,20.91,90.65774515996402,24.42643218030998
53596.0,2022091111,1946,24,99.6,20.7,90.61428300793621,24.299555248819363
53596.0,2022091111,1946,25,99.64,20.48,90.34418391262112,24.278084535242073
53596.0,2022091111,1946,26,99.65,20.24,90.20674560896363,24.205612140909444
53596.0,2022091111,1946,27,99.65,20.0,90.17638631401347,24.08025745988754
53596.0,2022091111,1946,28,99.62,19.75,90.04960696719901,23.995452357471628
53596.0,2022091111,1946,29,99.56,19.5,89.86879599571249,23.949174304817543
53596.0,2022091111,1946,30,99.48,19.25,89.73160123193631,23.89518874504334
53596.0,2022091111,1946,31,99.38,18.99,89.69057723168973,23.78414574358013
53596.0,2022091111,1946,32,99.26,18.74,89.65612111781059,23.665845514753528
53596.0,2022091111,1946,33,99.11,18.49,89.50064278083221,23.6249443181611
53596.0,2022091111,1946,34,98.95,18.24,89.32845008481614,23.604435838673957
53596.0,2022091111,1946,35,98.76,18.0,89.21886352320531,23.554753228923634
53596.0,2022091111,1946,36,98.55,17.77,89.17660679891414,23.467949064253112
53596.0,2022091111,1946,37,98.32,17.54,89.12472400840997,23.38099192001919
53596.0,2022091111,1946,38,98.08,17.32,89.00332394446494,23.3395797193971
53596.0,2022091111,1946,39,97.82,17.12,88.88670752178624,23.31194167848533
53596.0,2022091111,1946,40,97.55,16.93,88.8399327626426,23.23082114354448
53596.0,2022091111,1946,41,97.26,16.75,88.79408063769809,23.14708690280875
53596.0,2022091111,1946,42,96.97,16.58,88.71048813221664,23.09541000428272
53596.0,2022091111,1946,43,96.67,16.42,88.6029827144462,23.06892188497275
35459.0,2022091200,156,1,83.37,36.23,83.37,36.23
35459.0,2022091200,156,2,83.55,35.8,83.2739990399904,36.1339990399904
35459.0,2022091200,156,3,83.7,35.36,83.08487714877148,35.94487714877148
35459.0,2022091200,156,4,83.81,34.91,82.80542795427954,35.66542795427954
35459.0,2022091200,156,5,83.88,34.46,82.43836127561275,35.29836127561275
35459.0,2022091200,156,6,83.92,34.01,81.98630563729637,34.84630563729637
42393.0,2022091200,156,1,69.29,44.98,69.29,44.98
42393.0,2022091200,156,2,69.4,44.68,69.38600096000961,44.88399903999039
42393.0,2022091200,156,3,69.49,44.39,69.49980479486767,44.69487714877148
42393.0,2022091200,156,4,69.57,44.11,69.55547630889222,44.41542795427954
42393.0,2022091200,156,5,69.63,43.84,69.56922499584886,44.04836127561275
42393.0,2022091200,156,6,69.69,43.58,69.55091539403736,43.59630563729637
43387.0,2022091200,156,1,67.4,9.53,67.4,9.53
43387.0,2022091200,156,2,67.47,9.12,67.4960009600096,9.6260009600096
43387.0,2022091200,156,3,67.55,8.75,67.68213011594902,9.703919679555668
43387.0,2022091200,156,4,67.65,8.43,67.78714727741026,9.76557080384447
43387.0,2022091200,156,5,67.74,8.15,67.83541526684436,9.75819925475858
43387.0,2022091200,156,6,67.83,7.92,67.84316179550885,9.702079633343308
53438.0,2022091200,156,1,68.83,7.25,68.83,7.25
53438.0,2022091200,156,2,68.6,7.0,68.90158747482842,7.3460009600096
53438.0,2022091200,156,3,68.43,6.75,69.02321459456192,7.50910659106591
53438.0,2022091200,156,4,68.3,6.51,69.17151551223677,7.70798258859496
53438.0,2022091200,156,5,68.24,6.3,69.21936644237176,7.804891346188537
53438.0,2022091200,156,6,68.23,6.11,69.16978088459311,7.802891881044706
43299.0,2022091103,1126,1,32.62,6.19,32.62,6.19
43299.0,2022091103,1126,2,32.0,6.12,32.385997659976596,6.004300000000001
43299.0,2022091103,1126,3,31.4,6.06,32.26330395339131,6.058173340023401
43299.0,2022091103,1126,4,30.82,6.01,32.363481661401096,6.344432819869499
43299.0,2022091103,1126,5,30.25,5.99,32.69465637819399,6.856106855343614
43299.0,2022091103,1126,6,29.71,5.99,33.249898193506496,7.586433009776906
43299.0,2022091103,1126,7,29.19,6.0,34.02248509438303,8.528851719600599
43299.0,2022091103,1126,8,28.7,6.04,34.85109711990003,9.677000208152982
43299.0,2022091103,1126,9,28.22,6.1,35.42084844462813,10.689584220657927
43299.0,2022091103,1126,10,27.76,6.18,35.80709125589747,11.584025949474285
43299.0,2022091103,1126,11,27.33,6.28,36.18635386044366,12.425596601871243
43299.0,2022091103,1126,12,26.92,6.4,36.7587314493141,13.362517309048306
43299.0,2022091103,1126,13,26.53,6.54,37.354322760405836,14.230119284792568
43299.0,2022091103,1126,14,26.17,6.69,37.82832496207294,15.048106521889153
43299.0,2022091103,1126,15,25.82,6.86,38.21539480629957,15.809713085808145
43299.0,2022091103,1126,16,25.5,7.05,38.65585133329044,16.550113014013203
43299.0,2022091103,1126,17,25.2,7.24,39.13355321636856,17.266947253656404
43299.0,2022091103,1126,18,24.92,7.44,39.590977929412645,17.958381396282537
43299.0,2022091103,1126,19,24.66,7.65,39.982567873979946,18.62238074458498
43299.0,2022091103,1126,20,24.42,7.87,40.3399989377196,19.277383992213625
43299.0,2022091103,1126,21,24.2,8.09,40.74591461495,19.90654901991891
43299.0,2022091103,1126,22,23.99,8.33,41.17567312226225,20.50993419133951
43299.0,2022091103,1126,23,23.8,8.58,41.54538794955795,21.096155756953642
43299.0,2022091103,1126,24,23.63,8.83,41.86963830785761,21.6654744406654
43299.0,2022091103,1126,25,23.48,9.11,42.22033666070666,22.21788814612045
43299.0,2022091103,1126,26,23.33,9.38,42.58318765183115,22.75263931324944
43299.0,2022091103,1126,27,23.19,9.66,42.913999093711695,23.27146866672609
43299.0,2022091103,1126,28,23.05,9.95,43.21436658899569,23.77540105619068
43299.0,2022091103,1126,29,22.9,10.25,43.507774512243515,24.26433653503847
43299.0,2022091103,1126,30,22.74,10.56,43.82224950671368,24.73776821750843
43299.0,2022091103,1126,31,22.58,10.89,44.127295604310426,25.197370940889925
43299.0,2022091103,1126,32,22.42,11.23,44.41441619774055,25.643410059332673
43299.0,2022091103,1126,33,22.25,11.58,44.67214135983309,26.07578678432742
43299.0,2022091103,1126,34,22.06,11.95,44.93140944692717,26.495178318489078
43299.0,2022091103,1126,35,21.86,12.33,45.198820465373274,26.90207845669758
43299.0,2022091103,1126,36,21.66,12.73,45.442907157709584,27.297242226982494
43299.0,2022091103,1126,37,21.45,13.15,45.671397371611654,27.68053743828236
43299.0,2022091103,1126,38,21.23,13.58,45.894337553717584,28.052254530166593
43299.0,2022091103,1126,39,20.99,14.03,46.12612159108362,28.412753132810142
43299.0,2022091103,1126,40,20.75,14.49,46.36040606301814,28.762156322259354
43299.0,2022091103,1126,41,20.51,14.98,46.57446614823725,29.10092893125083
43299.0,2022091103,1126,42,20.25,15.48,46.772623415527065,29.43025701761366
43299.0,2022091103,1126,43,19.99,15.99,46.96902184159558,29.749744173811703
43299.0,2022091103,1126,44,19.74,16.52,47.16967024462503,30.059040548014572
43299.0,2022091103,1126,45,19.48,17.04,47.36590054573773,30.359278315799205
43299.0,2022091103,1126,46,19.21,17.58,47.555370871590256,30.65061691051292
43299.0,2022091103,1126,47,18.93,18.11,47.73008635778865,30.93308594492998
43299.0,2022091103,1126,48,18.66,18.65,47.901217313601805,31.20704526138079
43299.0,2022091103,1126,49,18.39,19.19,48.06956956793926,31.472855198378696
43299.0,2022091103,1126,50,18.12,19.73,48.23424570382607,31.73103052864843
43299.0,2022091103,1126,51,17.86,20.28,48.39281401809044,31.981254723868798
43299.0,2022091103,1126,52,17.6,20.81,48.545112961651725,32.224030312086754
43299.0,2022091103,1126,53,17.35,21.34,48.693547120416575,32.45956145795916
43299.0,2022091103,1126,54,17.1,21.86,48.83804585793589,32.68805731277659
43299.0,2022091103,1126,55,16.85,22.38,48.97824512843561,32.90977299843488
43299.0,2022091103,1126,56,16.62,22.89,49.11316067597302,33.12476118544142
43299.0,2022091103,1126,57,16.39,23.39,49.244602846337095,33.33330190752251
43299.0,2022091103,1126,58,16.16,23.89,49.37266358253948,33.53566941563819
43299.0,2022091103,1126,59,15.95,24.37,49.49626445033597,33.731917081616594
43299.0,2022091103,1126,60,15.73,24.85,49.615882291127704,33.9222384946683
43350.0,2022091103,1126,1,44.16,36.51,44.16,36.51
43350.0,2022091103,1126,2,44.3,37.11,44.05068103715826,36.30362878819874
43350.0,2022091103,1126,3,44.46,37.7,43.86494811929016,35.95300409934842
43350.0,2022091103,1126,4,44.62,38.27,43.72635833829914,35.84690049118701
43350.0,2022091103,1126,5,44.8,38.82,43.68980772891942,35.97057878708059
43350.0,2022091103,1126,6,44.98,39.33,43.841981277078524,36.30280883082813
43350.0,2022091103,1126,7,45.16,39.82,44.22359195881626,36.60759358871561
43350.0,2022091103,1126,8,45.34,40.28,44.761480422824235,36.88564439626881
43350.0,2022091103,1126,9,45.5,40.72,45.18596788739481,37.082751314869604
43350.0,2022091103,1126,10,45.64,41.15,45.449720923108416,37.17657419281608
43350.0,2022091103,1126,11,45.74,41.58,45.59766950996404,37.19659904709695
43350.0,2022091103,1126,12,45.82,41.99,45.841890938415254,37.282282318122945
43350.0,2022091103,1126,13,45.84,42.4,46.15220426113064,37.41369802038846
43350.0,2022091103,1126,14,45.82,42.82,46.40379577903582,37.51440804272269
43350.0,2022091103,1126,15,45.75,43.24,46.5810298471877,37.570726266908636
43350.0,2022091103,1126,16,45.62,43.65,46.78707258981328,37.63678401515554
43350.0,2022091103,1126,17,45.43,44.08,47.017334851823826,37.717468676270485
43350.0,2022091103,1126,18,45.18,44.5,47.245203486589894,37.80191982286671
43350.0,2022091103,1126,19,44.88,44.93,47.40669534784576,37.85903935087807
43350.0,2022091103,1126,20,44.53,45.36,47.56794599533207,37.912810082840636
43350.0,2022091103,1126,21,44.12,45.8,47.77110492425398,37.98482747807886
43350.0,2022091103,1126,22,43.66,46.23,47.957016850989795,38.05750852717927
43350.0,2022091103,1126,23,43.16,46.65,48.12118499911311,38.12358612693253
43350.0,2022091103,1126,24,42.62,47.06,48.270727314212806,38.17823888830508
43350.0,2022091103,1126,25,42.03,47.48,48.417238990167306,38.23031265230178
43350.0,2022091103,1126,26,41.42,47.89,48.56358660340941,38.28386960438385
43350.0,2022091103,1126,27,40.8,48.28,48.7211449134482,38.34928706163083
43350.0,2022091103,1126,28,40.16,48.69,48.86542237903119,38.40677774814628
43350.0,2022091103,1126,29,39.52,49.1,48.998525592364004,38.45366898042928
43350.0,2022091103,1126,30,38.89,49.5,49.126607095736965,38.497303066053696
43350.0,2022091103,1126,31,38.27,49.87,49.257123299476376,38.54563452003921
43350.0,2022091103,1126,32,37.67,50.24,49.38853480707208,38.596574240963996
43350.0,2022091103,1126,33,37.15,50.58,49.51685485846237,38.64629445595756
43350.0,2022091103,1126,34,36.65,50.91,49.63716313369436,38.68937746124147
43350.0,2022091103,1126,35,36.24,51.2,49.750127381304445,38.72727151835913
43350.0,2022091103,1126,36,35.89,51.47,49.85726233180738,38.761520389574564
43350.0,2022091103,1126,37,35.6,51.69,49.96778755914295,38.80208449286283
43350.0,2022091103,1126,38,35.36,51.89,50.07952853266636,38.84652490697702
43350.0,2022091103,1126,39,35.17,52.08,50.17866216408,38.87908820948948
43350.0,2022091103,1126,40,35.02,52.24,50.27607240555906,38.91215566381129
43350.0,2022091103,1126,41,34.91,52.37,50.374955144294,38.94966576895291
43350.0,2022091103,1126,42,34.83,52.49,50.47305041229822,38.98832458053721
43350.0,2022091103,1126,43,34.76,52.58,50.56148608105087,39.01746877486825
43350.0,2022091103,1126,44,34.72,52.64,50.64633980698615,39.04446081922939
43350.0,2022091103,1126,45,34.69,52.68,50.73095767845244,39.07406037028989
43350.0,2022091103,1126,46,34.68,52.7,50.81526441422058,39.10593905352977
43350.0,2022091103,1126,47,34.68,52.7,50.897109743160094,39.13573812054285
43350.0,2022091103,1126,48,34.7,52.7,50.974898134972705,39.16316040925376
43350.0,2022091103,1126,49,34.72,52.69,51.05018521854052,39.190285078066836
43350.0,2022091103,1126,50,34.74,52.68,51.123155473623534,39.21702715988789
43350.0,2022091103,1126,51,34.77,52.67,51.19439456508794,39.24319360875618
43350.0,2022091103,1126,52,34.81,52.66,51.263861744424524,39.26855034256715
43350.0,2022091103,1126,53,34.84,52.66,51.33122317789286,39.2930088682662
43350.0,2022091103,1126,54,34.86,52.67,51.39598524872343,39.31665001254283
43350.0,2022091103,1126,55,34.89,52.67,51.45867984475917,39.339667497196785
43350.0,2022091103,1126,56,34.92,52.7,51.519904717990435,39.362090347839896
43350.0,2022091103,1126,57,34.95,52.73,51.57959362995555,39.38355509533874
43350.0,2022091103,1126,58,34.96,52.78,51.63710767424273,39.404541452839524
43350.0,2022091103,1126,59,34.99,52.83,51.692657369092586,39.42498017586823
43350.0,2022091103,1126,60,35.01,52.87,51.74677048457666,39.444693607970436
43641.0,2022091103,1126,1,33.07,9.24,33.07,9.24
43641.0,2022091103,1126,2,32.48,9.19,33.09481393610702,9.30795294380532
43641.0,2022091103,1126,3,31.9,9.18,33.261219665900036,9.607869639319881
43641.0,2022091103,1126,4,31.33,9.21,33.54572355352031,10.132791173992405
43641.0,2022091103,1126,5,30.78,9.29,34.016099489954264,10.875967402648154
43641.0,2022091103,1126,6,30.26,9.41,34.62596895808396,11.830850684467629
43641.0,2022091103,1126,7,29.75,9.58,35.32952024850577,12.927675173709579
43641.0,2022091103,1126,8,29.26,9.79,35.876888657993646,13.785818948960523
43641.0,2022091103,1126,9,28.78,10.05,36.34361953781978,14.448544801698064
43641.0,2022091103,1126,10,28.33,10.35,36.86907175980288,15.191829431309094
43641.0,2022091103,1126,11,27.9,10.69,37.435849811443276,16.019764094598106
43641.0,2022091103,1126,12,27.48,11.07,37.89001604525653,16.680932636758982
43641.0,2022091103,1126,13,27.07,11.47,38.29709846000596,17.255949415365265
43641.0,2022091103,1126,14,26.68,11.91,38.76399203927884,17.908130194277643
43641.0,2022091103,1126,15,26.32,12.38,39.26028455580043,18.642272275035683
43641.0,2022091103,1126,16,25.96,12.88,39.75493505241001,19.390623883178733
43641.0,2022091103,1126,17,25.62,13.4,40.10395287077731,19.896602197467175
43641.0,2022091103,1126,18,25.3,13.93,40.39055905473387,20.301697028291525
43641.0,2022091103,1126,19,24.98,14.47,40.83199416516118,20.928641354214545
43641.0,2022091103,1126,20,24.68,15.03,41.28470339154529,21.59588820690608
43641.0,2022091103,1126,21,24.38,15.59,41.67863428482251,22.20181270335946
43641.0,2022091103,1126,22,24.1,16.16,41.964578658606214,22.586306975218793
43641.0,2022091103,1126,23,23.81,16.75,42.28413518358082,22.997248153744057
43641.0,2022091103,1126,24,23.54,17.35,42.706193257687055,23.62986343693696
43641.0,2022091103,1126,25,23.28,17.96,43.02014613107468,24.123292504339002
43641.0,2022091103,1126,26,23.03,18.58,43.26552489633489,24.514096221819624
43641.0,2022091103,1126,27,22.78,19.22,43.561695089473496,24.96870767760125
43641.0,2022091103,1126,28,22.53,19.87,43.902602894954704,25.482821532035313
43641.0,2022091103,1126,29,22.28,20.54,44.199475759030555,25.942460943459213
43641.0,2022091103,1126,30,22.04,21.23,44.44417680838315,26.334403501413252
43641.0,2022091103,1126,31,21.8,21.95,44.66703862238106,26.693862101602672
43641.0,2022091103,1126,32,21.55,22.69,44.90534196314946,27.067904414368115
43641.0,2022091103,1126,33,21.31,23.45,45.21057451243005,27.51920320718991
43641.0,2022091103,1126,34,21.06,24.22,45.46137844349667,27.91160811421495
43641.0,2022091103,1126,35,20.83,25.01,45.668962901229186,28.25009553228888
43641.0,2022091103,1126,36,20.59,25.81,45.91484936662767,28.61058418826102
43641.0,2022091103,1126,37,20.35,26.64,46.1827079535304,28.98256702390198
43641.0,2022091103,1126,38,20.12,27.48,46.41496298870289,29.329873455244993
43641.0,2022091103,1126,39,19.89,28.34,46.574097690777876,29.61878829686337
43641.0,2022091103,1126,40,19.65,29.21,46.73009233501101,29.902193718798006
43641.0,2022091103,1126,41,19.43,30.08,47.00226737259175,30.255563263401502
43641.0,2022091103,1126,42,19.2,30.97,47.211969164286856,30.562105641777524
43641.0,2022091103,1126,43,18.97,31.87,47.34971530083516,30.81371918784937
43641.0,2022091103,1126,44,18.75,32.77,47.49371699576683,31.069904267073202
43641.0,2022091103,1126,45,18.52,33.68,47.675677403337765,31.350104726547485
43641.0,2022091103,1126,46,18.29,34.58,47.86706127890048,31.626443747595758
43641.0,2022091103,1126,47,18.06,35.49,48.0513447324067,31.88774116391733
43641.0,2022091103,1126,48,17.82,36.4,48.18455832288265,32.12012436780938
43641.0,2022091103,1126,49,17.57,37.32,48.31044689306959,32.348948578903666
43641.0,2022091103,1126,50,17.31,38.23,48.477253049570194,32.59063623631696
43641.0,2022091103,1126,51,17.06,39.13,48.647125730258686,32.82461721375089
43641.0,2022091103,1126,52,16.79,40.03,48.772463716564964,33.033604186794705
43641.0,2022091103,1126,53,16.53,40.93,48.88815166609522,33.23694310971568
43641.0,2022091103,1126,54,16.25,41.81,49.046065626300795,33.45352952048702
43641.0,2022091103,1126,55,15.98,42.68,49.195349501186925,33.65984535522889
43641.0,2022091103,1126,56,15.72,43.54,49.30972270988918,33.84811826052705
43641.0,2022091103,1126,57,15.45,44.38,49.416263070964675,34.029610512045096
43641.0,2022091103,1126,58,15.19,45.2,49.531081788100984,34.20986625513515
43641.0,2022091103,1126,59,14.94,46.0,49.65180747546367,34.387940993901154
43641.0,2022091103,1126,60,14.68,46.76,49.77531792810784,34.56252909076139
44872.0,2022091103,1126,1,37.7,34.34,37.7,34.34
44872.0,2022091103,1126,2,37.59,34.74,37.78898317554612,34.19120020465926
44872.0,2022091103,1126,3,37.52,35.18,37.93856531513877,33.941065371625804
44872.0,2022091103,1126,4,37.48,35.66,37.97754337167061,33.88759716847758
44872.0,2022091103,1126,5,37.49,36.16,38.249354426529905,34.066278357110654
44872.0,2022091103,1126,6,37.54,36.7,38.747013489766815,34.46002767846566
44872.0,2022091103,1126,7,37.61,37.26,39.24717469601972,34.77435167450197
44872.0,2022091103,1126,8,37.7,37.83,39.7070699852691,34.95984181830052
44872.0,2022091103,1126,9,37.81,38.43,40.13475308792618,35.05272164529709
44872.0,2022091103,1126,10,37.93,39.04,40.546105126214954,35.14652832795011
44872.0,2022091103,1126,11,38.05,39.67,40.965417325435624,35.36254628352601
44872.0,2022091103,1126,12,38.16,40.31,41.3541607892525,35.53644579273949
44872.0,2022091103,1126,13,38.25,40.96,41.716840084465005,35.671453233347755
44872.0,2022091103,1126,14,38.33,41.61,42.05814004146223,35.777861314991064
44872.0,2022091103,1126,15,38.39,42.27,42.3864709781063,35.87469369563265
44872.0,2022091103,1126,16,38.42,42.93,42.725609479000376,36.01692337620722
44872.0,2022091103,1126,17,38.42,43.6,43.05400364521039,36.15355294682088
44872.0,2022091103,1126,18,38.39,44.26,43.3618059291244,36.26097074857137
44872.0,2022091103,1126,19,38.33,44.92,43.66095819998165,36.36653168083638
44872.0,2022091103,1126,20,38.26,45.56,43.95611159297204,36.480560166353804
44872.0,2022091103,1126,21,38.17,46.19,44.24177662209512,36.58968590650655
44872.0,2022091103,1126,22,38.08,46.8,44.51840968778991,36.69445757606215
44872.0,2022091103,1126,23,37.99,47.38,44.78677180428434,36.79498551410295
44872.0,2022091103,1126,24,37.91,47.92,45.048295214655894,36.89327786635209
44872.0,2022091103,1126,25,37.84,48.41,45.30285658544045,36.989190251996604
44872.0,2022091103,1126,26,37.78,48.84,45.548311957530764,37.081279585524875
44872.0,2022091103,1126,27,37.73,49.2,45.7856712061641,37.17013476113585
44872.0,2022091103,1126,28,37.67,49.51,46.018376117725694,37.25791190199029
44872.0,2022091103,1126,29,37.61,49.76,46.24425765244329,37.34315728375409
44872.0,2022091103,1126,30,37.54,49.95,46.46273015630785,37.42543811618913
44872.0,2022091103,1126,31,37.43,50.1,46.67290611730512,37.504128980720076
44872.0,2022091103,1126,32,37.31,50.24,46.876125226343554,37.580039708868476
44872.0,2022091103,1126,33,37.18,50.33,47.07522565150252,37.654946260789295
44872.0,2022091103,1126,34,37.05,50.4,47.269381347966835,37.728267511276414
44872.0,2022091103,1126,35,36.91,50.44,47.45589410650238,37.79840908647521
44872.0,2022091103,1126,36,36.78,50.47,47.63653697672447,37.86630338793488
44872.0,2022091103,1126,37,36.65,50.5,47.81315203456921,37.93289018408408
44872.0,2022091103,1126,38,36.53,50.54,47.98505274325964,37.997765798731564
44872.0,2022091103,1126,39,36.43,50.57,48.15020208477427,38.05977458067976
44872.0,2022091103,1126,40,36.34,50.62,48.30984634088996,38.11966718813049
44872.0,2022091103,1126,41,36.27,50.67,48.46532747693798,38.17806437257202
44872.0,2022091103,1126,42,36.24,50.73,48.617062957525384,38.23518960407412
44872.0,2022091103,1126,43,36.24,50.82,48.763998240581195,38.29056154700419
44872.0,2022091103,1126,44,36.25,50.9,48.90589838460317,38.34403136126143
44872.0,2022091103,1126,45,36.27,50.99,49.04318344258766,38.39595413559748
44872.0,2022091103,1126,46,36.3,51.08,49.176700259573295,38.446399532822696
44872.0,2022091103,1126,47,36.34,51.17,49.306518502897724,38.495440873487794
44872.0,2022091103,1126,48,36.38,51.26,49.432608977811064,38.543091959318495
44872.0,2022091103,1126,49,36.41,51.34,49.554679521868934,38.58926004659118
44872.0,2022091103,1126,50,36.43,51.39,49.672871174850435,38.633934542941596
44872.0,2022091103,1126,51,36.43,51.44,49.78779957778654,38.67734832122752
44872.0,2022091103,1126,52,36.42,51.48,49.8993018868842,38.719485117703584
44872.0,2022091103,1126,53,36.4,51.51,50.00744702402757,38.76036729111226
44872.0,2022091103,1126,54,36.37,51.52,50.11217465911755,38.79998018605941
44872.0,2022091103,1126,55,36.34,51.53,50.21363882579591,38.838365268145765
44872.0,2022091103,1126,56,36.3,51.53,50.31234062139665,38.875593485423636
44872.0,2022091103,1126,57,36.27,51.53,50.40798662293992,38.91171105624659
44872.0,2022091103,1126,58,36.26,51.53,50.500694178838785,38.94674961979108
44872.0,2022091103,1126,59,36.26,51.52,50.59060977565508,38.980737728787915
44872.0,2022091103,1126,60,36.26,51.51,50.6778949042379,39.01370180986868
46123.0,2022091103,1126,1,23.98,18.49,23.98,18.49
46123.0,2022091103,1126,2,23.79,18.54,24.2140023400234,18.652752896772284
46123.0,2022091103,1126,3,23.63,18.67,24.674986949869496,19.0446255466648
46123.0,2022091103,1126,4,23.51,18.86,25.292673772340788,19.595446864307437
46123.0,2022091103,1126,5,23.41,19.12,26.053554354296153,20.30562002932006
46123.0,2022091103,1126,6,23.35,19.44,27.025610858816258,21.103792591866476
46123.0,2022091103,1126,7,23.31,19.82,27.734503328177357,21.67496006950827
46123.0,2022091103,1126,8,23.3,20.24,28.355050590776905,22.102463883259347
46123.0,2022091103,1126,9,23.31,20.72,29.037555782958123,22.62966233590747
46123.0,2022091103,1126,10,23.33,21.22,29.81336304450567,23.233311730831606
46123.0,2022091103,1126,11,23.37,21.75,30.489882496974573,23.736918432513285
46123.0,2022091103,1126,12,23.43,22.3,31.140983678450382,24.16687709681482
46123.0,2022091103,1126,13,23.49,22.88,31.807491053657866,24.670598292879866
46123.0,2022091103,1126,14,23.56,23.47,32.48290436749644,25.18546780408542
46123.0,2022091103,1126,15,23.61,24.08,33.10595013804062,25.637050764713983
46123.0,2022091103,1126,16,23.67,24.71,33.694925136418355,26.031802932640183
46123.0,2022091103,1126,17,23.73,25.34,34.288779496280185,26.459214547468857
46123.0,2022091103,1126,18,23.79,25.99,34.88099245250033,26.904875369456565
46123.0,2022091103,1126,19,23.84,26.65,35.44436226147034,27.312105574410662
46123.0,2022091103,1126,20,23.88,27.33,35.97232219131048,27.6683604302203
46123.0,2022091103,1126,21,23.91,28.02,36.50234153034415,28.057831800911888
46123.0,2022091103,1126,22,23.92,28.73,37.021703908713256,28.44452442909728
46123.0,2022091103,1126,23,23.93,29.45,37.522357611800665,28.810830152625826
46123.0,2022091103,1126,24,23.93,30.2,37.99305308863149,29.13137775687005
46123.0,2022091103,1126,25,23.93,30.96,38.453082132153924,29.45552014486042
46123.0,2022091103,1126,26,23.92,31.72,38.91036336779217,29.791360894865623
46123.0,2022091103,1126,27,23.91,32.5,39.34508430464339,30.09259769084549
46123.0,2022091103,1126,28,23.89,33.28,39.76703138475559,30.391381289099883
46123.0,2022091103,1126,29,23.86,34.07,40.177650779549985,30.6862341755468
46123.0,2022091103,1126,30,23.83,34.86,40.578145640313004,30.969109980350442
46123.0,2022091103,1126,31,23.8,35.65,40.96731602497317,31.239495820023855
46123.0,2022091103,1126,32,23.76,36.43,41.34317927971147,31.505292907889594
46123.0,2022091103,1126,33,23.72,37.21,41.706624884233996,31.765518889258956
46123.0,2022091103,1126,34,23.69,37.98,42.06040953925467,32.01485289009686
46123.0,2022091103,1126,35,23.64,38.75,42.40448637780878,32.25445775931474
46123.0,2022091103,1126,36,23.58,39.5,42.73692003200827,32.49015451853328
46123.0,2022091103,1126,37,23.5,40.26,43.059245722533575,32.71911549581563
46123.0,2022091103,1126,38,23.42,40.99,43.37263652652207,32.93938276333385
46123.0,2022091103,1126,39,23.33,41.71,43.67696560759769,33.15219771440303
46123.0,2022091103,1126,40,23.24,42.42,43.97194918739114,33.35916367121029
46123.0,2022091103,1126,41,23.14,43.09,44.25751315705294,33.56133634088504
46123.0,2022091103,1126,42,23.04,43.74,44.53430656873736,33.75794951100325
46123.0,2022091103,1126,43,22.92,44.37,44.80320474484842,33.94764972407225
46123.0,2022091103,1126,44,22.78,44.97,45.064333820856724,34.1309193150908
46123.0,2022091103,1126,45,22.64,45.54,45.31751577325615,34.30897204655187
46123.0,2022091103,1126,46,22.47,46.1,45.56291807462162,34.48214058681409
46123.0,2022091103,1126,47,22.3,46.63,45.80082403064135,34.65044750872153
46123.0,2022091103,1126,48,22.12,47.15,46.03167303630549,34.81350599824262
46123.0,2022091103,1126,49,21.92,47.66,46.25570888011474,34.97146204716811
46123.0,2022091103,1126,50,21.67,48.14,46.47310552137135,35.12452582459746
46123.0,2022091103,1126,51,21.43,48.56,46.68386275126488,35.27321813675415
46123.0,2022091103,1126,52,21.18,48.96,46.888247053298365,35.417543873306236
46123.0,2022091103,1126,53,20.92,49.33,47.08659531255596,35.5573607093075
46123.0,2022091103,1126,54,20.65,49.67,47.27904823305795,35.69287965790595
46123.0,2022091103,1126,55,20.37,49.97,47.465670154376184,35.82444073985455
46123.0,2022091103,1126,56,20.09,50.24,47.64664833337269,35.95213956640643
46123.0,2022091103,1126,57,19.83,50.47,47.822208318175406,36.076014859899765
46123.0,2022091103,1126,58,19.59,50.74,47.99257676069434,36.19604220971913
46123.0,2022091103,1126,59,19.36,50.98,48.15783236829284,36.31251195844824
46123.0,2022091103,1126,60,19.14,51.2,48.31807478618265,36.425551780120415
43350.0,2022091103,1249,1,9.1,28.46,9.1,28.46
43350.0,2022091103,1249,2,8.97,28.23,9.077630543972594,28.390040140819785
43350.0,2022091103,1249,3,8.84,28.0,9.03962483818203,28.2711783400726
43350.0,2022091103,1249,4,8.73,27.77,8.990871257484525,28.118702855825234
43350.0,2022091103,1249,5,8.61,27.55,8.934913898615141,27.943697753251318
43350.0,2022091103,1249,6,8.5,27.33,8.874317465414688,27.754184073154075
43350.0,2022091103,1249,7,8.4,27.12,8.810933252584423,27.555951688851955
43350.0,2022091103,1249,8,8.3,26.92,8.74609303079484,27.353165676529812
43350.0,2022091103,1249,9,8.2,26.72,8.680750372393005,27.148808307506048
43350.0,2022091103,1249,10,8.12,26.54,8.615583661802354,26.945001210428035
44903.0,2022091101,1744,1,40.17,26.7,40.17,26.7
44903.0,2022091101,1744,2,39.69,26.13,39.900002699973,26.430002699973
44903.0,2022091101,1744,3,39.18,25.55,39.68497970229149,25.942493456578212
44903.0,2022091101,1744,4,38.65,24.97,39.68682601228913,25.584135345470333
44903.0,2022091101,1744,5,38.1,24.4,39.84363125966674,25.34645353783722
44903.0,2022091101,1744,6,37.51,23.82,40.06320182803784,25.152338194429454
44903.0,2022091101,1744,7,36.89,23.25,40.16001457673202,24.887896641059992
44903.0,2022091101,1744,8,36.27,22.68,40.140222327160714,24.583130157588947
44903.0,2022091101,1744,9,35.63,22.1,40.21758597152663,24.349428212543195
44903.0,2022091101,1744,10,34.98,21.5,40.363022496743675,24.16787813136734
44903.0,2022091101,1744,11,34.31,20.9,40.41666579009956,23.93570899968312
44903.0,2022091101,1744,12,33.63,20.29,40.43793340291719,23.690775655446572
44903.0,2022091101,1744,13,32.96,19.67,40.474131449781396,23.4631737622507
44903.0,2022091101,1744,14,32.29,19.05,40.54157160893418,23.269654483257096
44903.0,2022091101,1744,15,31.65,18.41,40.63055571445567,23.10180935498256
44903.0,2022091101,1744,16,31.0,17.74,40.69249589997575,22.918450449944054
44903.0,2022091101,1744,17,30.36,17.07,40.7354857563677,22.726182590171373
44903.0,2022091101,1744,18,29.73,16.39,40.77657203659599,22.539165226821257
44903.0,2022091101,1744,19,29.12,15.7,40.84498866834799,22.381838716995116
44903.0,2022091101,1744,20,28.52,15.01,40.91269682203928,22.23036509556297
44903.0,2022091101,1744,21,27.93,14.31,40.96490421300929,22.072080042312123
44903.0,2022091101,1744,22,27.36,13.62,41.00707442432504,21.9114019969321
44903.0,2022091101,1744,23,26.77,12.92,41.06275304213089,21.767999281924343
44903.0,2022091101,1744,24,26.18,12.23,41.12025056712055,21.631840316111973
44903.0,2022091101,1744,25,25.58,11.54,41.166538168608234,21.491769676983264
44903.0,2022091101,1744,26,24.98,10.86,41.207387064079214,21.352486689716734
44903.0,2022091101,1744,27,24.36,10.19,41.252720086057806,21.22219573394696
44903.0,2022091101,1744,28,23.73,9.53,41.30112098784462,21.09954647670325
44903.0,2022091101,1744,29,23.07,8.9,41.34502447713145,20.979574651262126
44903.0,2022091101,1744,30,22.4,8.27,41.38539077574928,20.86247148911241
44903.0,2022091101,1744,31,21.7,7.66,41.422927642721554,20.748348893544218
44903.0,2022091101,1744,32,20.97,7.06,41.46249734458354,20.638689385756297
44903.0,2022091101,1744,33,20.26,6.5,41.499913708035855,20.532001731619776
44903.0,2022091101,1744,34,19.56,5.98,41.53444909611067,20.42793609982948
44903.0,2022091101,1744,35,18.83,5.46,41.56925698957162,20.327423004573912
44903.0,2022091101,1744,36,18.06,4.97,41.60372683365612,20.23015766429867
44903.0,2022091101,1744,37,17.28,4.49,41.63684401079059,20.13570546223017
44903.0,2022091101,1744,38,16.57,4.06,41.66778813260932,20.043698713368794
44903.0,2022091101,1744,39,15.86,3.59,41.69694404611225,19.954169232702014
44903.0,2022091101,1744,40,15.21,3.15,41.72611859877513,19.86761957107544
44903.0,2022091101,1744,41,14.61,2.75,41.753771810995744,19.78381912914052
44903.0,2022091101,1744,42,14.05,2.41,41.78012441713407,19.702644040519093
44903.0,2022091101,1744,43,13.54,2.1,41.80534307900551,19.623985371456723
44903.0,2022091101,1744,44,13.08,1.82,41.8295548671465,19.54774563313663
44903.0,2022091101,1744,45,12.68,1.57,41.85285782282889,19.47383622238486
44903.0,2022091101,1744,46,12.35,1.35,41.87571378725324,19.40208450168198
44903.0,2022091101,1744,47,12.07,1.15,41.89806785175853,19.332441889832676
46073.0,2022091101,1744,1,44.96,35.91,44.96,35.91
46073.0,2022091101,1744,2,44.53,35.66,44.80783966806683,35.70906859798003
46073.0,2022091101,1744,3,44.11,35.41,44.54992379558244,35.24416783799366
46073.0,2022091101,1744,4,43.69,35.15,44.37268904384864,34.52321680077988
46073.0,2022091101,1744,5,43.27,34.89,44.41512639410738,33.843299754354554
46073.0,2022091101,1744,6,42.85,34.63,44.54064424798073,33.289382127890015
46073.0,2022091101,1744,7,42.43,34.39,44.65405739702835,32.79938942208219
46073.0,2022091101,1744,8,41.98,34.15,44.53919491241023,32.34663695477225
46073.0,2022091101,1744,9,41.53,33.89,44.286998587898644,31.912717231906985
46073.0,2022091101,1744,10,41.07,33.63,44.19415495782593,31.46317667171714
46073.0,2022091101,1744,11,40.61,33.38,44.24427515368534,31.003634869366234
46073.0,2022091101,1744,12,40.15,33.14,44.33084760886986,30.55240703067667
46073.0,2022091101,1744,13,39.68,32.89,44.30934218121605,30.13285486835869
46073.0,2022091101,1744,14,39.2,32.65,44.19890142708405,29.74544455183731
46073.0,2022091101,1744,15,38.71,32.42,44.099804452408875,29.36985811372516
46073.0,2022091101,1744,16,38.22,32.2,44.09935924465203,28.988580801460955
46073.0,2022091101,1744,17,37.72,31.96,44.13224140189698,28.614323624382624
46073.0,2022091101,1744,18,37.24,31.73,44.102608766466545,28.253590703518004
46073.0,2022091101,1744,19,36.75,31.5,44.01958154883998,27.914789790184805
46073.0,2022091101,1744,20,36.28,31.27,43.99474120388179,27.588816784463724
46073.0,2022091101,1744,21,35.8,31.05,44.000839015442395,27.273755747744538
46073.0,2022091101,1744,22,35.33,30.83,44.005153892583294,26.967937417352836
46073.0,2022091101,1744,23,34.87,30.61,43.95314333674317,26.66900133247994
46073.0,2022091101,1744,24,34.4,30.4,43.87858519916933,26.377703778388646
46073.0,2022091101,1744,25,33.93,30.18,43.8628794530004,26.097743974765883
46073.0,2022091101,1744,26,33.47,29.95,43.84020345975543,25.825989508919765
46073.0,2022091101,1744,27,33.01,29.72,43.77587875462775,25.560359692657364
46073.0,2022091101,1744,28,32.54,29.49,43.74034164402059,25.303867788311756
46073.0,2022091101,1744,29,32.09,29.26,43.72828587495822,25.057393565688997
46073.0,2022091101,1744,30,31.65,29.04,43.7065462552213,24.818740929682683
46073.0,2022091101,1744,31,31.22,28.82,43.663031902502745,24.58612805768958
46073.0,2022091101,1744,32,30.81,28.6,43.61687148536947,24.35922936405553
46073.0,2022091101,1744,33,30.39,28.39,43.58968937761068,24.139092349925008
46073.0,2022091101,1744,34,29.99,28.18,43.57532908319456,23.9277457246424
46073.0,2022091101,1744,35,29.6,27.96,43.55169510353897,23.72166162365921
46073.0,2022091101,1744,36,29.2,27.77,43.514603551318125,23.520278134856913
46073.0,2022091101,1744,37,28.81,27.57,43.48541252575986,23.32592720457521
46073.0,2022091101,1744,38,28.43,27.39,43.4649840662491,23.138752947765212
46073.0,2022091101,1744,39,28.04,27.2,43.44196507576318,22.956667690471086
46073.0,2022091101,1744,40,27.66,27.03,43.41662253648319,22.779659836280253
46073.0,2022091101,1744,41,27.28,26.85,43.39127058565953,22.607890545487436
46073.0,2022091101,1744,42,26.92,26.68,43.37055940383385,22.442220191176705
46073.0,2022091101,1744,43,26.56,26.52,43.35192911184515,22.282126512207473
46073.0,2022091101,1744,44,26.18,26.37,43.32869462192039,22.126112887232825
46073.0,2022091101,1744,45,25.81,26.22,43.306433065820784,21.974378340557685
46073.0,2022091101,1744,46,25.46,26.07,43.290555564912424,21.827887094053704
46073.0,2022091101,1744,47,25.13,25.91,43.272059436027135,21.68587306740637
52452.0,2022091101,1744,1,48.91,12.12,48.91,12.12
52452.0,2022091101,1744,2,48.42,12.25,48.640002699972996,12.256434109062022
52452.0,2022091101,1744,3,47.9,12.39,48.181277287227125,12.488235660358397
52452.0,2022091101,1744,4,47.35,12.52,47.87276865465204,12.644130183818874
52452.0,2022091101,1744,5,46.79,12.66,47.72092829932266,12.734124403745877
52452.0,2022091101,1744,6,46.21,12.8,47.68110724497085,12.77678688902725
52452.0,2022091101,1744,7,45.62,12.93,47.515511781156995,12.892081843293788
52452.0,2022091101,1744,8,45.01,13.06,47.26232375030104,13.057800047375618
52452.0,2022091101,1744,9,44.38,13.16,47.1355437919905,13.159060937001335
52452.0,2022091101,1744,10,43.74,13.25,47.08154620572023,13.229682673250032
52452.0,2022091101,1744,11,43.09,13.33,46.856403245725616,13.368363206744537
52452.0,2022091101,1744,12,42.43,13.39,46.62638177800281,13.514689079863162
52452.0,2022091101,1744,13,41.76,13.44,46.5199732165787,13.60545629129876
52452.0,2022091101,1744,14,41.09,13.49,46.48128522756175,13.658383016262777
52452.0,2022091101,1744,15,40.38,13.48,46.41252950703222,13.729000947339285
52452.0,2022091101,1744,16,39.66,13.44,46.30147870024643,13.824787556204942
52452.0,2022091101,1744,17,38.95,13.4,46.161561686306534,13.938708453825171
52452.0,2022091101,1744,18,38.23,13.33,46.08376006748907,14.015420232715432
52452.0,2022091101,1744,19,37.51,13.23,46.00319971263674,14.091901585520535
52452.0,2022091101,1744,20,36.8,13.11,45.87787584459193,14.194145411718498
52452.0,2022091101,1744,21,36.07,12.98,45.74341750208792,14.301067636378379
52452.0,2022091101,1744,22,35.36,12.82,45.62704127863436,14.395678385697037
52452.0,2022091101,1744,23,34.64,12.67,45.56163739186128,14.461341841954503
52452.0,2022091101,1744,24,33.93,12.5,45.506688659560304,14.51974894149184
52452.0,2022091101,1744,25,33.22,12.31,45.39166681163868,14.609609220098859
52452.0,2022091101,1744,26,32.51,12.11,45.32676880208965,14.672886816276938
52452.0,2022091101,1744,27,31.81,11.9,45.2754438558089,14.729350391814908
52452.0,2022091101,1744,28,31.12,11.7,45.18216924915235,14.803279226140116
52452.0,2022091101,1744,29,30.43,11.49,45.090941258871936,14.881073961709198
52452.0,2022091101,1744,30,29.75,11.28,45.04390971900761,14.931010558872682
52452.0,2022091101,1744,31,29.09,11.08,44.99718114021597,14.978518590865013
52452.0,2022091101,1744,32,28.44,10.86,44.94225226845054,15.029089447389556
52452.0,2022091101,1744,33,27.8,10.67,44.86371458291731,15.094440286246067
52452.0,2022091101,1744,34,27.17,10.48,44.78511300491034,15.160812828352423
52452.0,2022091101,1744,35,26.56,10.3,44.7104228268704,15.225292697292355
52452.0,2022091101,1744,36,25.96,10.13,44.65866233627652,15.272800408264294
52452.0,2022091101,1744,37,25.38,9.96,44.61117885052478,15.313113199049507
52452.0,2022091101,1744,38,24.81,9.8,44.55040814546659,15.365831276939918
52452.0,2022091101,1744,39,24.27,9.65,44.482831911470015,15.426853208017699
52452.0,2022091101,1744,40,23.75,9.52,44.42729366523036,15.476069124862269
52452.0,2022091101,1744,41,23.24,9.4,44.38109401519715,15.51669449878699
52452.0,2022091101,1744,42,22.75,9.29,44.32262588854263,15.569131895270132
52452.0,2022091101,1744,43,22.28,9.18,44.2613071667944,15.624277582166537
52452.0,2022091101,1744,44,21.84,9.08,44.20131754922938,15.678137213810496
52452.0,2022091101,1744,45,21.42,9.0,44.1675905727339,15.706922326416144
52452.0,2022091101,1744,46,21.03,8.91,44.13266079315775,15.73707692900969
52452.0,2022091101,1744,47,20.65,8.83,44.07745433566404,15.78805684879964
53455.0,2022091101,1744,1,56.19,4.69,56.19,4.69
53455.0,2022091101,1744,2,56.33,4.63,55.920002699973,4.959997300027
53455.0,2022091101,1744,3,56.46,4.56,55.419284453983764,5.435899936785241
53455.0,2022091101,1744,4,56.57,4.49,54.76468393162367,6.021810401063704
53455.0,2022091101,1744,5,56.66,4.42,54.32411848910849,6.379381802189743
53455.0,2022091101,1744,6,56.74,4.35,54.06093701904404,6.553706440102417
53455.0,2022091101,1744,7,56.8,4.27,53.701933693549506,6.838445636249766
53455.0,2022091101,1744,8,56.84,4.19,53.27955474231408,7.21149326313051
53455.0,2022091101,1744,9,56.86,4.11,52.97351206323046,7.5021497195505535
53455.0,2022091101,1744,10,56.86,4.04,52.73749868327961,7.727795921298679
53455.0,2022091101,1744,11,56.82,3.97,52.50706177727961,7.942820544712541
53455.0,2022091101,1744,12,56.77,3.9,52.17354197172857,8.253056483984274
53455.0,2022091101,1744,13,56.69,3.83,51.881551030577704,8.522800215540553
53455.0,2022091101,1744,14,56.58,3.77,51.62528325608262,8.758436792065334
53455.0,2022091101,1744,15,56.43,3.7,51.382998706923246,8.98152258262035
53455.0,2022091101,1744,16,56.25,3.64,51.09711589033716,9.247270126603151
53455.0,2022091101,1744,17,56.06,3.58,50.819972289040244,9.504092058670567
53455.0,2022091101,1744,18,55.83,3.53,50.60007478273137,9.706677351696102
53455.0,2022091101,1744,19,55.59,3.51,50.39386240166385,9.896920541025116
53455.0,2022091101,1744,20,55.33,3.5,50.11316035022852,10.15798252959908
53455.0,2022091101,1744,21,55.06,3.5,49.82916050735938,10.422315200373239
53455.0,2022091101,1744,22,54.77,3.5,49.58254724513262,10.651368229405826
53455.0,2022091101,1744,23,54.47,3.52,49.428704909116064,10.79263778103588
53455.0,2022091101,1744,24,54.17,3.55,49.264530956739065,10.944072383973461
53455.0,2022091101,1744,25,53.86,3.58,49.038635690925844,11.153267473142568
53455.0,2022091101,1744,26,53.55,3.62,48.798677455390745,11.375378098872144
53455.0,2022091101,1744,27,53.24,3.66,48.56873342606827,11.58818677450615
53455.0,2022091101,1744,28,52.94,3.7,48.377277237068256,11.764750808924749
53455.0,2022091101,1744,29,52.66,3.75,48.23018739683482,11.901275122248324
53455.0,2022091101,1744,30,52.36,3.8,48.0815986480399,12.04010784808292
53455.0,2022091101,1744,31,52.07,3.86,47.886092785914805,12.221242754662562
53455.0,2022091101,1744,32,51.79,3.92,47.6645316543019,12.4257489958228
53455.0,2022091101,1744,33,51.51,3.98,47.52923399215024,12.552205141600957
53455.0,2022091101,1744,34,51.25,4.05,47.41264164742488,12.660788977366519
53455.0,2022091101,1744,35,50.99,4.11,47.23600129054194,12.824335887473012
53455.0,2022091101,1744,36,50.73,4.16,47.04505332254437,13.000501015199388
53455.0,2022091101,1744,37,50.49,4.2,46.92197916301055,13.115561377063875
53455.0,2022091101,1744,38,50.26,4.25,46.83794471046722,13.194709302126792
53455.0,2022091101,1744,39,50.03,4.28,46.75021638925325,13.276701814022658
53455.0,2022091101,1744,40,49.82,4.31,46.56508158775376,13.445202909262134
53455.0,2022091101,1744,41,49.6,4.35,46.401336261398725,13.595340988521176
53455.0,2022091101,1744,42,49.39,4.38,46.318991724143864,13.672823291304168
53455.0,2022091101,1744,43,49.19,4.41,46.21306626764033,13.769881400551816
53455.0,2022091101,1744,44,48.98,4.45,46.07429726736755,13.896602841117883
53455.0,2022091101,1744,45,48.77,4.48,45.966082091679574,13.99674555181605
53455.0,2022091101,1744,46,48.56,4.52,45.88441248165083,14.073082174090988
53455.0,2022091101,1744,47,48.36,4.57,45.80522028649672,14.147359125886531
54533.0,2022091101,1744,1,48.88,45.67,48.88,45.67
54533.0,2022091101,1744,2,48.7,45.37,48.778282494541074,45.400002699973
54533.0,2022091101,1744,3,48.5,45.07,48.44672766932157,44.86810801891981
54533.0,2022091101,1744,4,48.28,44.76,47.98929902320144,44.082172878271216
54533.0,2022091101,1744,5,48.05,44.46,47.49040897893454,43.109188724595
54533.0,2022091101,1744,6,47.78,44.17,47.119672616809126,42.25660617211789
54533.0,2022091101,1744,7,47.5,43.9,46.95312034235091,41.526452831741246
54533.0,2022091101,1744,8,47.2,43.63,46.945439407932156,40.86007477291596
54533.0,2022091101,1744,9,46.87,43.38,47.01420030423357,40.22695884509257
54533.0,2022091101,1744,10,46.52,43.12,46.985855281332064,39.55619717803169
54533.0,2022091101,1744,11,46.16,42.88,46.688363309090605,38.853167204972706
54533.0,2022091101,1744,12,45.79,42.63,46.35400174683366,38.168658882070844
54533.0,2022091101,1744,13,45.42,42.39,46.128388253900034,37.53894849831743
54533.0,2022091101,1744,14,45.04,42.14,46.154937032852445,36.98227870150091
54533.0,2022091101,1744,15,44.66,41.9,46.1824292614731,36.445855595463485
54533.0,2022091101,1744,16,44.28,41.65,46.08120409644169,35.88656564478993
54533.0,2022091101,1744,17,43.9,41.4,45.88665948058416,35.28699789153657
54533.0,2022091101,1744,18,43.52,41.17,45.757731012515265,34.729647196012756
54533.0,2022091101,1744,19,43.12,40.93,45.71248796029163,34.21838165503472
54533.0,2022091101,1744,20,42.72,40.69,45.6689260383447,33.74591330559423
54533.0,2022091101,1744,21,42.32,40.46,45.51810196002469,33.23148360156648
54533.0,2022091101,1744,22,41.93,40.24,45.37104196251306,32.72706510377012
54533.0,2022091101,1744,23,41.52,40.02,45.322506949509815,32.27472521914765
54533.0,2022091101,1744,24,41.12,39.82,45.3151410920806,31.852231994823825
54533.0,2022091101,1744,25,40.72,39.63,45.305893981104575,31.44027953742146
54533.0,2022091101,1744,26,40.34,39.45,45.16530404651505,31.009118470725355
54533.0,2022091101,1744,27,39.95,39.27,45.05347478383955,30.58361390620139
54533.0,2022091101,1744,28,39.58,39.09,45.00664943127377,30.177236149188857
54533.0,2022091101,1744,29,39.21,38.91,44.99549644437504,29.797191361985345
54533.0,2022091101,1744,30,38.85,38.74,44.95587954704935,29.4315786344866
54533.0,2022091101,1744,31,38.47,38.56,44.86007928029026,29.07430984850724
54533.0,2022091101,1744,32,38.1,38.39,44.77769033786178,28.7087885528332
54533.0,2022091101,1744,33,37.74,38.21,44.72041325730227,28.345223715884583
54533.0,2022091101,1744,34,37.38,38.05,44.675941295754356,27.992899978706447
54533.0,2022091101,1744,35,37.03,37.89,44.61372038986772,27.67313591125862
54533.0,2022091101,1744,36,36.68,37.72,44.54058330844824,27.375711066766353
54533.0,2022091101,1744,37,36.34,37.56,44.47929131087257,27.074463522933414
54533.0,2022091101,1744,38,36.02,37.41,44.42875038768775,26.77095481758751
54533.0,2022091101,1744,39,35.66,37.25,44.37895444529975,26.481031549979672
54533.0,2022091101,1744,40,35.31,37.09,44.31894851916304,26.208237917804674
54533.0,2022091101,1744,41,34.98,36.94,44.256283061685075,25.947303939829254
54533.0,2022091101,1744,42,34.65,36.79,44.21362724410252,25.681365781833833
54533.0,2022091101,1744,43,34.34,36.64,44.176925961850614,25.41419472978631
54533.0,2022091101,1744,44,34.03,36.5,44.136891359749384,25.157367036082466
54533.0,2022091101,1744,45,33.72,36.36,44.085078319270416,24.92097269577112
54533.0,2022091101,1744,46,33.42,36.22,44.03302253792171,24.698752350072272
54533.0,2022091101,1744,47,33.12,36.08,43.999784398477956,24.46889810574395
38592.0,2022091100,3554,1,84.95,9.53,84.95,9.53
38592.0,2022091100,3554,2,85.21,9.3,84.7549980499805,9.334998049980499
38592.0,2022091100,3554,3,85.43,9.06,84.37084420844208,9.340848108481083
38592.0,2022091100,3554,4,85.63,8.82,83.80321303213032,9.541524615246152
38592.0,2022091100,3554,5,85.79,8.59,83.1485967300556,9.931182776827766
38592.0,2022091100,3554,6,85.93,8.36,82.53846769028176,10.346872702739097
38592.0,2022091100,3554,7,86.02,8.13,82.14164447172062,10.555089980853586
38592.0,2022091100,3554,8,86.08,7.91,81.82917059144008,10.628693723055587
38592.0,2022091100,3554,9,86.1,7.7,81.33106897754844,10.811829140155119
38592.0,2022091100,3554,10,86.08,7.5,80.73564031992984,11.116296415688042
38592.0,2022091100,3554,11,86.04,7.32,80.30649303657101,11.396233645651659
38592.0,2022091100,3554,12,85.96,7.16,79.99983606773587,11.63276967659349
38592.0,2022091100,3554,13,85.85,7.01,79.59725734715313,11.859758426842925
38592.0,2022091100,3554,14,85.72,6.86,79.12669348215336,12.069305325209989
38592.0,2022091100,3554,15,85.57,6.74,78.81854843203185,12.278149563565012
38592.0,2022091100,3554,16,85.42,6.62,78.50167265942717,12.487083631936553
38592.0,2022091100,3554,17,85.26,6.53,78.14734332310675,12.688267072107546
38592.0,2022091100,3554,18,85.09,6.44,77.75576359149052,12.8670906530044
38592.0,2022091100,3554,19,84.92,6.38,77.43880770917683,13.050604333835214
38592.0,2022091100,3554,20,84.76,6.33,77.1334016917548,13.24297366091995
38592.0,2022091100,3554,21,84.6,6.3,76.78635353218259,13.412580672014956
38592.0,2022091100,3554,22,84.46,6.28,76.45199178691827,13.572035360999228
38592.0,2022091100,3554,23,84.32,6.28,76.18035455208663,13.739529921677384
38592.0,2022091100,3554,24,84.18,6.27,75.9413867560156,13.911459973470784
38592.0,2022091100,3554,25,84.05,6.28,75.65345817182465,14.062149193394708
38592.0,2022091100,3554,26,83.9,6.29,75.33591031706096,14.193098669716113
38592.0,2022091100,3554,27,83.76,6.31,75.05027563385543,14.328648719609077
38592.0,2022091100,3554,28,83.61,6.34,74.80647908859001,14.472423960354062
38592.0,2022091100,3554,29,83.47,6.37,74.54792059033902,14.60136695715594
52272.0,2022091100,3554,1,84.76,14.09,84.76,14.09
52272.0,2022091100,3554,2,85.33,13.75,84.7314246966548,14.03991419068128
52272.0,2022091100,3554,3,85.88,13.42,84.64626550121791,13.975299521571863
52272.0,2022091100,3554,4,86.4,13.1,84.39053761548155,13.934013822959596
52272.0,2022091100,3554,5,86.9,12.79,83.95414097960153,13.96804386305031
52272.0,2022091100,3554,6,87.37,12.49,83.33583429277842,14.162870413204558
52272.0,2022091100,3554,7,87.81,12.2,82.70625029743142,14.423119800245743
52272.0,2022091100,3554,8,88.22,11.92,82.22177381672284,14.54556385381779
52272.0,2022091100,3554,9,88.6,11.66,81.84384600662868,14.569566151778263
52272.0,2022091100,3554,10,88.95,11.41,81.32305459393868,14.756836147256086
52272.0,2022091100,3554,11,89.27,11.18,80.83803850440347,14.915408903226679
52272.0,2022091100,3554,12,89.56,10.96,80.47432926393383,14.955660323031445
52272.0,2022091100,3554,13,89.82,10.75,80.05309675732161,15.071563234279978
52272.0,2022091100,3554,14,90.05,10.55,79.59461244380074,15.240019294004693
52272.0,2022091100,3554,15,90.26,10.36,79.21559876534418,15.329615723159208
52272.0,2022091100,3554,16,90.44,10.18,78.85583156604082,15.407678623737379
52272.0,2022091100,3554,17,90.6,10.01,78.46702647907475,15.528133840649458
52272.0,2022091100,3554,18,90.73,9.84,78.08722722679565,15.647960965618928
52272.0,2022091100,3554,19,90.84,9.68,77.73608341945877,15.744806872790186
52272.0,2022091100,3554,20,90.93,9.53,77.40805753605751,15.82461471419449
52272.0,2022091100,3554,21,91.0,9.39,77.0876935682073,15.90447540540732
52272.0,2022091100,3554,22,91.04,9.26,76.75489735433028,16.006697018469126
52272.0,2022091100,3554,23,91.05,9.14,76.43641951993581,16.100983901410547
52272.0,2022091100,3554,24,91.04,9.02,76.13706928542601,16.18169041635429
52272.0,2022091100,3554,25,91.01,8.91,75.8518733076781,16.254230544349365
52272.0,2022091100,3554,26,90.95,8.81,75.56938771346712,16.331142647748468
52272.0,2022091100,3554,27,90.87,8.73,75.29013102714882,16.411632747111128
52272.0,2022091100,3554,28,90.77,8.66,75.01975819291427,16.489122672293863
52272.0,2022091100,3554,29,90.66,8.62,74.75844275976176,16.54974853786146
52424.0,2022091100,3554,1,86.06,44.98,86.06,44.98
52424.0,2022091100,3554,2,86.27,45.23,85.96857451253233,44.784998049980494
52424.0,2022091100,3554,3,86.46,45.47,85.68772671350945,44.400844208442074
52424.0,2022091100,3554,4,86.64,45.71,85.22030239843775,43.83321303213031
52424.0,2022091100,3554,5,86.8,45.94,84.5718988627987,43.0876088410884
52424.0,2022091100,3554,6,86.95,46.15,83.86534564847763,42.23910543294102
52424.0,2022091100,3554,7,87.09,46.32,83.37499098060569,41.52537890979335
52424.0,2022091100,3554,8,87.22,46.47,83.01596012957528,40.914254633497904
52424.0,2022091100,3554,9,87.33,46.58,82.524007576154,40.23502931271151
52424.0,2022091100,3554,10,87.44,46.65,81.94137991885644,39.51679959912378
52424.0,2022091100,3554,11,87.54,46.69,81.40890639742194,38.85022966855951
52424.0,2022091100,3554,12,87.64,46.69,81.08740903164998,38.32384282481709
52424.0,2022091100,3554,13,87.73,46.68,80.6979081388275,37.74758917675084
52424.0,2022091100,3554,14,87.82,46.64,80.13685157079344,37.09658696199665
52424.0,2022091100,3554,15,87.91,46.58,79.74837702208697,36.55101948031661
52424.0,2022091100,3554,16,87.99,46.5,79.44341337286336,36.070557147080876
52424.0,2022091100,3554,17,88.06,46.41,79.02931210109237,35.524097162019665
52424.0,2022091100,3554,18,88.13,46.3,78.61185584751536,34.99334666379575
52424.0,2022091100,3554,19,88.19,46.18,78.26028841627927,34.52307173997696
52424.0,2022091100,3554,20,88.24,46.05,77.9439359436624,34.078190235366286
52424.0,2022091100,3554,21,88.27,45.91,77.58201719709164,33.59031126359689
52424.0,2022091100,3554,22,88.3,45.77,77.20699932556118,33.09562196643821
52424.0,2022091100,3554,23,88.31,45.61,76.90874672553119,32.69827594109958
52424.0,2022091100,3554,24,88.32,45.46,76.6137099237387,32.28909165510914
52424.0,2022091100,3554,25,88.31,45.3,76.30777404355673,31.86387837657502
52424.0,2022091100,3554,26,88.31,45.14,76.00290988238898,31.437427711063933
52424.0,2022091100,3554,27,88.3,44.97,75.70699280387998,31.028408891707205
52424.0,2022091100,3554,28,88.29,44.81,75.43824036150353,30.67797600930974
52424.0,2022091100,3554,29,88.28,44.65,75.16703366951991,30.345030340683614
52542.0,2022091100,3554,1,91.88,25.43,91.88,25.43
52542.0,2022091100,3554,2,91.51,25.15,91.68499804998049,25.234998049980497
52542.0,2022091100,3554,3,91.11,24.87,91.30084420844207,25.119799276243487
52542.0,2022091100,3554,4,90.68,24.58,90.7332130321303,24.997751139455023
52542.0,2022091100,3554,5,90.22,24.28,89.98760884108839,24.879327404354267
52542.0,2022091100,3554,6,89.75,23.98,89.16946078673922,24.717967743769673
52542.0,2022091100,3554,7,89.26,23.66,88.48261657975114,24.505671519449557
52542.0,2022091100,3554,8,88.77,23.34,87.90206910981945,24.283120036986993
52542.0,2022091100,3554,9,88.27,23.01,87.31013020725199,24.101545639047504
52542.0,2022091100,3554,10,87.76,22.67,86.60644075477094,23.935702780582766
52542.0,2022091100,3554,11,87.25,22.32,85.9225765187998,23.76897023824656
52542.0,2022091100,3554,12,86.74,21.96,85.39499640512317,23.60503511442012
52542.0,2022091100,3554,13,86.23,21.61,84.91700616002636,23.42807651433725
52542.0,2022091100,3554,14,85.73,21.27,84.44616389153781,23.244554565697424
52542.0,2022091100,3554,15,85.23,20.94,83.86543403711941,23.106402345558962
52542.0,2022091100,3554,16,84.74,20.61,83.28249679505986,22.976663826416047
52542.0,2022091100,3554,17,84.26,20.29,82.74243266756167,22.843286637991355
52542.0,2022091100,3554,18,83.79,19.98,82.25749814464473,22.713528273913116
52542.0,2022091100,3554,19,83.34,19.68,81.81412435652251,22.58988533486989
52542.0,2022091100,3554,20,82.9,19.4,81.37093281709757,22.471592978298663
52542.0,2022091100,3554,21,82.48,19.13,80.8990346082214,22.362251429701416
52542.0,2022091100,3554,22,82.07,18.88,80.43146876974886,22.260508660262882
52542.0,2022091100,3554,23,81.68,18.64,80.0574823957718,22.142093876498006
52542.0,2022091100,3554,24,81.3,18.4,79.74464032981398,22.014230885666915
52542.0,2022091100,3554,25,80.93,18.18,79.35784306901448,21.91186990528268
52542.0,2022091100,3554,26,80.57,17.98,78.90746776949184,21.834562050385127
52542.0,2022091100,3554,27,80.22,17.78,78.51318961893,21.740851572714288
52542.0,2022091100,3554,28,79.89,17.6,78.18800288845549,21.639585129190877
52542.0,2022091100,3554,29,79.57,17.44,77.88943175446282,21.538710529875342
53469.0,2022091100,3554,1,59.57,25.98,59.57,25.98
53469.0,2022091100,3554,2,59.27,25.51,59.666841778241015,25.925822413516045
53469.0,2022091100,3554,3,59.02,25.04,59.8313759594725,25.8337746940798
53469.0,2022091100,3554,4,58.81,24.54,60.043243087131266,25.69732244229564
53469.0,2022091100,3554,5,58.64,24.02,60.253900501626504,25.52293830055088
53469.0,2022091100,3554,6,58.5,23.47,60.46198984687256,25.32314912453067
53469.0,2022091100,3554,7,58.4,22.89,60.666571466933604,25.1070195726243
53469.0,2022091100,3554,8,58.32,22.29,60.8563982316041,24.893323919908553
53469.0,2022091100,3554,9,58.25,21.66,61.02672240587046,24.708090944911383
53469.0,2022091100,3554,10,58.21,21.01,61.181870977847545,24.544490727296076
53469.0,2022091100,3554,11,58.18,20.34,61.34645051255536,24.363303313574136
53469.0,2022091100,3554,12,58.17,19.66,61.50834472316205,24.183954853503877
53469.0,2022091100,3554,13,58.16,18.96,61.65255694650268,24.02819710316316
53469.0,2022091100,3554,14,58.17,18.27,61.78419916401886,23.888764184228844
53469.0,2022091100,3554,15,58.19,17.56,61.924866171619314,23.73492458306559
53469.0,2022091100,3554,16,58.21,16.86,62.06962008398346,23.57383267498499
53469.0,2022091100,3554,17,58.25,16.17,62.210736712002216,23.416587375841722
53469.0,2022091100,3554,18,58.31,15.49,62.32485781731697,23.29660093551866
53469.0,2022091100,3554,19,58.39,14.83,62.44221075647504,23.170400558180717
53469.0,2022091100,3554,20,58.48,14.2,62.56911504864115,23.028931740030753
53469.0,2022091100,3554,21,58.6,13.59,62.695022041226196,22.88812381271731
53469.0,2022091100,3554,22,58.75,13.03,62.80345268546346,22.77119175916743
53469.0,2022091100,3554,23,58.93,12.52,62.90485288024671,22.663171097265582
53469.0,2022091100,3554,24,59.12,12.08,63.0100305075363,22.54866956290596
53469.0,2022091100,3554,25,59.34,11.7,63.117024176564236,22.43051610667961
53469.0,2022091100,3554,26,59.56,11.39,63.21446514307995,22.324949403501837
53469.0,2022091100,3554,27,59.78,11.15,63.30677884144239,22.225691683007167
53469.0,2022091100,3554,28,60.0,10.99,63.40007630950207,22.12406132435273
53469.0,2022091100,3554,29,60.19,10.88,63.48998628419989,22.020647085743814
